"","Model","MPG","Cylinders","Engine.Disp","Horsepower","Weight","Accelerate","Year","Origin","MPG Score","Cylinders Score","Engine.Disp Score","Horsepower Score","Weight Score","Accelerate Score"
"1","amc ambassador dpl",15,8,390,190,3850,8.5,70,"American",24.3617021276596,100,84.8837209302326,80.4347826086957,67.0825063793592,12.710843373494
"2","amc gremlin",21,6,199,90,2648,15,70,"American",38.7234042553191,64,40.4651162790698,31.5217391304348,36.4105472072583,47.9518072289157
"3","amc hornet",18,6,199,97,2774,15.5,70,"American",31.5425531914894,64,40.4651162790698,34.945652173913,39.6257442585767,50.6626506024096
"4","amc rebel sst",16,8,304,150,3433,12,70,"American",26.7553191489362,100,64.8837209302326,60.8695652173913,56.4417351857102,31.6867469879518
"5","buick estate wagon (sw)",14,8,455,225,3086,10,70,"American",21.968085106383,100,100,97.554347826087,47.587184576127,20.8433734939759
"6","buick skylark 320",15,8,350,165,3693,11.5,70,"American",24.3617021276596,100,75.5813953488372,68.2065217391304,63.0762687836688,28.9759036144578
"7","chevrolet chevelle malibu",18,8,307,130,3504,12,70,"American",31.5425531914894,100,65.5813953488372,51.0869565217391,58.2534732066912,31.6867469879518
"8","chevrolet impala",14,8,454,220,4354,9,70,"American",21.968085106383,100,99.7674418604651,95.1086956521739,79.9432945846328,15.421686746988
"9","chevrolet monte carlo",15,8,400,150,3761,9.5,70,"American",24.3617021276596,100,87.2093023255814,60.8695652173913,64.8114544939042,18.1325301204819
"10","chevy c20",10,8,307,200,4376,15,70,"American",12.3936170212766,100,65.5813953488372,85.3260869565217,80.5046781967678,47.9518072289157
"11","dodge challenger se",15,8,383,170,3563,10,70,"American",24.3617021276596,100,83.2558139534884,70.6521739130435,59.7590019846895,20.8433734939759
"12","dodge d200",11,8,318,210,4382,13.5,70,"American",14.7872340425532,100,68.1395348837209,90.2173913043478,80.6577828182592,39.8192771084337
"13","ford f250",10,8,360,215,4615,14,70,"American",12.3936170212766,100,77.906976744186,92.6630434782609,86.6033456195067,42.5301204819277
"14","ford galaxie 500",15,8,429,198,4341,10,70,"American",24.3617021276596,100,93.953488372093,84.3478260869565,79.6115679047349,20.8433734939759
"15","ford maverick",21,6,200,85,2587,16,70,"American",38.7234042553191,64,40.6976744186046,29.0760869565217,34.8539835554295,53.3734939759036
"16","ford torino",17,8,302,140,3449,10.5,70,"American",29.1489361702128,100,64.4186046511628,55.9782608695652,56.8500141763538,23.5542168674699
"17","hi 1200d",9,8,304,193,4732,18.5,70,"American",10,100,64.8837209302326,81.9021739130435,89.588885738588,66.9277108433735
"18","plymouth 'cuda 340",14,8,340,160,3609,8,70,"American",21.968085106383,100,73.2558139534884,65.7608695652174,60.9328040827899,10
"19","plymouth duster",22,6,198,95,2833,15.5,70,"American",41.1170212765957,64,40.2325581395349,33.9673913043478,41.131273036575,50.6626506024096
"20","plymouth fury iii",14,8,440,215,4312,8.5,70,"American",21.968085106383,100,96.5116279069767,92.6630434782609,78.8715622341934,12.710843373494
"21","plymouth satellite",18,8,318,150,3436,11,70,"American",31.5425531914894,100,68.1395348837209,60.8695652173913,56.5182874964559,26.2650602409639
"22","pontiac catalina",14,8,455,225,4425,10,70,"American",21.968085106383,100,100,97.554347826087,81.7550326056138,20.8433734939759
"23","audi 100 ls",24,4,107,90,2430,14.5,70,"European",45.9042553191489,28,19.0697674418605,31.5217391304348,30.8477459597392,45.2409638554217
"24","bmw 2002",26,4,121,113,2234,12.5,70,"European",50.6914893617021,28,22.3255813953488,42.7717391304348,25.846328324355,34.3975903614458
"25","peugeot 504",25,4,110,87,2672,17.5,70,"European",48.2978723404255,28,19.7674418604651,30.054347826087,37.0229656932237,61.5060240963855
"26","saab 99e",25,4,104,95,2375,17.5,70,"European",48.2978723404255,28,18.3720930232558,33.9673913043478,29.4442869294018,61.5060240963855
"27","volkswagen 1131 deluxe sedan",26,4,97,46,1835,20.5,70,"European",50.6914893617021,28,16.7441860465116,10,15.66487099518,77.7710843373494
"28","datsun pl510",27,4,97,88,2130,14.5,70,"Japanese",53.0851063829787,28,16.7441860465116,30.5434782608696,23.1925148851715,45.2409638554217
"29","toyota corona mark ii",24,4,113,95,2372,15,70,"Japanese",45.9042553191489,28,20.4651162790698,33.9673913043478,29.3677346186561,47.9518072289157
"31","amc hornet sportabout (sw)",18,6,258,110,2962,13.5,71,"American",31.5425531914894,64,54.1860465116279,41.304347826087,44.4230223986391,39.8192771084337
"32","amc matador",18,6,232,100,3288,15.5,71,"American",31.5425531914894,64,48.1395348837209,36.4130434782609,52.7417068330026,50.6626506024096
"35","chevrolet vega (sw)",22,4,140,72,2408,19,71,"American",41.1170212765957,28,26.7441860465116,22.7173913043478,30.2863623476042,69.6385542168675
"36","chevrolet vega 2300",28,4,140,90,2264,15.5,71,"American",55.4787234042553,28,26.7441860465116,31.5217391304348,26.6118514318117,50.6626506024096
"37","dodge monaco (sw)",12,8,383,180,4955,11.5,71,"American",17.1808510638298,100,83.2558139534884,75.5434782608696,95.2792741706833,28.9759036144578
"38","ford country squire (sw)",13,8,400,170,4746,12,71,"American",19.5744680851064,100,87.2093023255814,70.6521739130435,89.9461298554012,31.6867469879518
"40","ford mustang",18,6,250,88,3139,14.5,71,"American",31.5425531914894,64,52.3255813953488,30.5434782608696,48.939608732634,45.2409638554217
"41","ford torino 500",19,6,250,88,3302,15.5,71,"American",33.936170212766,64,52.3255813953488,30.5434782608696,53.0989509498157,50.6626506024096
"42","mercury capri 2000",23,4,122,86,2220,14,71,"American",43.5106382978723,28,22.5581395348837,29.5652173913043,25.4890842075418,42.5301204819277
"43","plymouth cricket",26,4,91,70,1955,20.5,71,"American",50.6914893617021,28,15.3488372093023,21.7391304347826,18.7269634250071,77.7710843373494
"45","plymouth satellite custom",16,6,225,105,3439,15.5,71,"American",26.7553191489362,64,46.5116279069767,38.8586956521739,56.5948398072016,50.6626506024096
"46","pontiac catalina brougham",14,8,400,175,4464,11.5,71,"American",21.968085106383,100,87.2093023255814,73.0978260869565,82.7502126453076,28.9759036144578
"47","pontiac firebird",19,6,250,100,3282,15,71,"American",33.936170212766,64,52.3255813953488,36.4130434782609,52.5886022115112,47.9518072289157
"48","pontiac safari (sw)",13,8,400,175,5140,12,71,"American",19.5744680851064,100,87.2093023255814,73.0978260869565,100,31.6867469879518
"49","fiat 124b",30,4,88,76,2065,14.5,71,"European",60.2659574468085,28,14.6511627906977,24.6739130434783,21.5338814856819,45.2409638554217
"50","opel 1900",28,4,116,90,2123,14,71,"European",55.4787234042553,28,21.1627906976744,31.5217391304348,23.013892826765,42.5301204819277
"51","peugeot 304",30,4,79,70,2074,19.5,71,"European",60.2659574468085,28,12.5581395348837,21.7391304347826,21.7635384179189,72.3493975903614
"52","volkswagen model 111",27,4,97,60,1834,19,71,"European",53.0851063829787,28,16.7441860465116,16.8478260869565,15.6393535582648,69.6385542168675
"53","datsun 1200",35,4,72,69,1613,18,71,"Japanese",72.2340425531915,28,10.9302325581395,21.25,10,64.2168674698795
"55","toyota corolla 1200",31,4,71,65,1773,19,71,"Japanese",62.6595744680851,28,10.6976744186047,19.2934782608696,14.0827899064361,69.6385542168675
"56","toyota corona",25,4,113,95,2228,14,71,"Japanese",48.2978723404255,28,20.4651162790698,33.9673913043478,25.6932237028636,42.5301204819277
"57","amc ambassador sst",17,8,304,150,3672,11.5,72,"American",29.1489361702128,100,64.8837209302326,60.8695652173913,62.5404026084491,28.9759036144578
"58","amc matador (sw)",15,8,304,150,3892,12.5,72,"American",24.3617021276596,100,64.8837209302326,60.8695652173913,68.1542387297987,34.3975903614458
"59","buick lesabre custom",13,8,350,155,4502,13.5,72,"American",19.5744680851064,100,75.5813953488372,63.3152173913043,83.7198752480862,39.8192771084337
"60","chevrolet chevelle concours (sw)",13,8,307,130,4098,14,72,"American",19.5744680851064,100,65.5813953488372,51.0869565217391,73.4108307343351,42.5301204819277
"62","chevrolet vega",20,4,140,90,2408,19.5,72,"American",36.3297872340426,28,26.7441860465116,31.5217391304348,30.2863623476042,72.3493975903614
"63","chrysler newport royal",13,8,400,190,4422,12.5,72,"American",19.5744680851064,100,87.2093023255814,80.4347826086957,81.6784802948682,34.3975903614458
"64","dodge colt (sw)",28,4,98,80,2164,15,72,"American",55.4787234042553,28,16.9767441860465,26.6304347826087,24.0601077402892,47.9518072289157
"65","dodge colt hardtop",25,4,97.5,80,2126,17,72,"American",48.2978723404255,28,16.8604651162791,26.6304347826087,23.0904451375106,58.7951807228916
"67","ford gran torino (sw)",13,8,302,140,4294,16,72,"American",19.5744680851064,100,64.4186046511628,55.9782608695652,78.4122483697193,53.3734939759036
"68","ford pinto (sw)",22,4,122,86,2395,16,72,"American",41.1170212765957,28,22.5581395348837,29.5652173913043,29.9546356677063,53.3734939759036
"69","ford pinto runabout",21,4,122,86,2226,16.5,72,"American",38.7234042553191,28,22.5581395348837,29.5652173913043,25.6421888290332,56.0843373493976
"70","mercury marquis",11,8,429,208,4633,11,72,"American",14.7872340425532,100,93.953488372093,89.2391304347826,87.0626594839807,26.2650602409639
"71","oldsmobile delta 88 royale",12,8,350,160,4456,13.5,72,"American",17.1808510638298,100,75.5813953488372,65.7608695652174,82.5460731499858,39.8192771084337
"73","plymouth satellite custom (sw)",14,8,318,150,4077,14,72,"American",21.968085106383,100,68.1395348837209,60.8695652173913,72.8749645591154,42.5301204819277
"75","peugeot 504 (sw)",21,4,120,87,2979,19.5,72,"European",38.7234042553191,28,22.093023255814,30.054347826087,44.8568188261979,72.3493975903614
"76","renault 12 (sw)",26,4,96,69,2189,18,72,"European",50.6914893617021,28,16.5116279069767,21.25,24.6980436631698,64.2168674698795
"77","volkswagen 411 (sw)",22,4,121,76,2511,18,72,"European",41.1170212765957,28,22.3255813953488,24.6739130434783,32.9146583498724,64.2168674698795
"78","volkswagen type 3",23,4,97,54,2254,23.5,72,"European",43.5106382978723,28,16.7441860465116,13.9130434782609,26.3566770626595,94.0361445783133
"79","volvo 145e (sw)",18,4,121,112,2933,14.5,72,"European",31.5425531914894,28,22.3255813953488,42.2826086956522,43.6830167280975,45.2409638554217
"80","datsun 510 (sw)",28,4,97,92,2288,17,72,"Japanese",55.4787234042553,28,16.7441860465116,32.5,27.2242699177771,58.7951807228916
"81","mazda rx2 coupe",19,3,70,97,2330,13.5,72,"Japanese",33.936170212766,10,10.4651162790698,34.945652173913,28.2960022682166,39.8192771084337
"82","toyota corolla 1600 (sw)",27,4,97,88,2100,16.5,72,"Japanese",53.0851063829787,28,16.7441860465116,30.5434782608696,22.4269917777148,56.0843373493976
"83","toyota corona hardtop",24,4,113,95,2278,15.5,72,"Japanese",45.9042553191489,28,20.4651162790698,33.9673913043478,26.9690955486249,50.6626506024096
"84","toyouta corona mark ii (sw)",23,4,120,97,2506,14.5,72,"Japanese",43.5106382978723,28,22.093023255814,34.945652173913,32.7870711652963,45.2409638554217
"85","amc ambassador brougham",13,8,360,175,3821,11,73,"American",19.5744680851064,100,77.906976744186,73.0978260869565,66.3425007088177,26.2650602409639
"89","buick century 350",13,8,350,175,4100,13,73,"American",19.5744680851064,100,75.5813953488372,73.0978260869565,73.4618656081656,37.1084337349398
"90","buick electra 225 custom",12,8,455,225,4951,11,73,"American",17.1808510638298,100,100,97.554347826087,95.1772044230224,26.2650602409639
"91","chevrolet caprice classic",13,8,400,150,4464,12,73,"American",19.5744680851064,100,87.2093023255814,60.8695652173913,82.7502126453076,31.6867469879518
"93","chevrolet malibu",13,8,350,145,3988,13,73,"American",19.5744680851064,100,75.5813953488372,58.4239130434783,70.6039126736603,37.1084337349398
"94","chevrolet monte carlo s",15,8,350,145,4082,13,73,"American",24.3617021276596,100,75.5813953488372,58.4239130434783,73.0025517436915,37.1084337349398
"95","chevrolet nova custom",16,6,250,100,3278,18,73,"American",26.7553191489362,64,52.3255813953488,36.4130434782609,52.4865324638503,64.2168674698795
"97","chrysler new yorker brougham",13,8,440,215,4735,11,73,"American",19.5744680851064,100,96.5116279069767,92.6630434782609,89.6654380493337,26.2650602409639
"98","dodge coronet custom",15,8,318,150,3777,12.5,73,"American",24.3617021276596,100,68.1395348837209,60.8695652173913,65.2197334845478,34.3975903614458
"99","dodge dart custom",15,8,318,150,3399,11,73,"American",24.3617021276596,100,68.1395348837209,60.8695652173913,55.5741423305926,26.2650602409639
"100","ford country",12,8,400,167,4906,12.5,73,"American",17.1808510638298,100,87.2093023255814,69.1847826086957,94.0289197618373,34.3975903614458
"101","ford gran torino",14,8,302,137,4042,14.5,73,"American",21.968085106383,100,64.4186046511628,54.5108695652174,71.9818542670825,45.2409638554217
"102","ford ltd",13,8,351,158,4363,13,73,"American",19.5744680851064,100,75.8139534883721,64.7826086956522,80.1729515168699,37.1084337349398
"104","ford pinto",19,4,122,85,2310,18.5,73,"American",33.936170212766,28,22.5581395348837,29.0760869565217,27.7856535299121,66.9277108433735
"105","mercury capri v6",21,6,155,107,2472,14,73,"American",38.7234042553191,64,30.2325581395349,39.8369565217391,31.9194783101786,42.5301204819277
"106","mercury marquis brougham",12,8,429,198,4952,11.5,73,"American",17.1808510638298,100,93.953488372093,84.3478260869565,95.2027218599376,28.9759036144578
"107","oldsmobile omega",11,8,350,180,3664,11,73,"American",14.7872340425532,100,75.5813953488372,75.5434782608696,62.3362631131273,26.2650602409639
"108","oldsmobile vista cruiser",12,8,350,180,4499,12.5,73,"American",17.1808510638298,100,75.5813953488372,75.5434782608696,83.6433229373405,34.3975903614458
"109","plymouth custom suburb",13,8,360,170,4654,13,73,"American",19.5744680851064,100,77.906976744186,70.6521739130435,87.5985256592004,37.1084337349398
"111","plymouth fury gran sedan",14,8,318,150,4237,14.5,73,"American",21.968085106383,100,68.1395348837209,60.8695652173913,76.9577544655515,45.2409638554217
"112","plymouth valiant",18,6,225,105,3121,16.5,73,"American",31.5425531914894,64,46.5116279069767,38.8586956521739,48.4802948681599,56.0843373493976
"113","pontiac grand prix",16,8,400,230,4278,9.5,73,"American",26.7553191489362,100,87.2093023255814,100,78.0039693790757,18.1325301204819
"114","audi 100ls",20,4,114,91,2582,14,73,"European",36.3297872340426,28,20.6976744186046,32.0108695652174,34.7263963708534,42.5301204819277
"115","fiat 124 sport coupe",26,4,98,90,2265,15.5,73,"European",50.6914893617021,28,16.9767441860465,31.5217391304348,26.637368868727,50.6626506024096
"116","fiat 128",29,4,68,49,1867,19.5,73,"European",57.8723404255319,28,10,11.4673913043478,16.4814289764673,72.3493975903614
"117","opel manta",24,4,116,75,2158,15.5,73,"European",45.9042553191489,28,21.1627906976744,24.1847826086957,23.9070031187978,50.6626506024096
"118","saab 99le",24,4,121,110,2660,14,73,"European",45.9042553191489,28,22.3255813953488,41.304347826087,36.716756450241,42.5301204819277
"119","volkswagen super beetle",26,4,97,46,1950,21,73,"European",50.6914893617021,28,16.7441860465116,10,18.599376240431,80.4819277108434
"120","volvo 144ea",19,4,121,112,2868,15.5,73,"European",33.936170212766,28,22.3255813953488,42.2826086956522,42.0243833286079,50.6626506024096
"121","datsun 610",22,4,108,94,2379,16.5,73,"Japanese",41.1170212765957,28,19.3023255813953,33.4782608695652,29.5463566770627,56.0843373493976
"122","maxda rx3",18,3,70,90,2124,13.5,73,"Japanese",31.5425531914894,10,10.4651162790698,31.5217391304348,23.0394102636802,39.8192771084337
"123","toyota carina",20,4,97,88,2279,19,73,"Japanese",36.3297872340426,28,16.7441860465116,30.5434782608696,26.9946129855401,69.6385542168675
"124","toyota mark ii",20,6,156,122,2807,13.5,73,"Japanese",36.3297872340426,64,30.4651162790698,47.1739130434783,40.4678196767791,39.8192771084337
"128","buick century luxus (sw)",13,8,350,150,4699,14.5,74,"American",19.5744680851064,100,75.5813953488372,60.8695652173913,88.7468103203856,45.2409638554217
"129","chevrolet chevelle malibu classic",16,6,250,100,3781,17,74,"American",26.7553191489362,64,52.3255813953488,36.4130434782609,65.3218032322087,58.7951807228916
"130","chevrolet nova",15,6,250,100,3336,17,74,"American",24.3617021276596,64,52.3255813953488,36.4130434782609,53.9665438049334,58.7951807228916
"132","dodge colt",28,4,90,75,2125,14.5,74,"American",55.4787234042553,28,15.1162790697674,24.1847826086957,23.0649277005954,45.2409638554217
"133","dodge coronet custom (sw)",14,8,318,150,4457,13.5,74,"American",21.968085106383,100,68.1395348837209,60.8695652173913,82.5715905869011,39.8192771084337
"138","plymouth satellite sebring",18,6,225,105,3613,16.5,74,"American",31.5425531914894,64,46.5116279069767,38.8586956521739,61.0348738304508,56.0843373493976
"139","audi fox",29,4,98,83,2219,16.5,74,"European",57.8723404255319,28,16.9767441860465,28.0978260869565,25.4635667706266,56.0843373493976
"140","fiat 124 tc",26,4,116,75,2246,14,74,"European",50.6914893617021,28,21.1627906976744,24.1847826086957,26.1525375673377,42.5301204819277
"142","fiat x1.9",31,4,79,67,2000,16,74,"European",62.6595744680851,28,12.5581395348837,20.2717391304348,19.8752480861922,53.3734939759036
"144","volkswagen dasher",26,4,79,67,1963,15.5,74,"European",50.6914893617021,28,12.5581395348837,20.2717391304348,18.9311029203289,50.6626506024096
"145","datsun 710",32,4,83,61,2003,19,74,"Japanese",65.0531914893617,28,13.4883720930233,17.3369565217391,19.9518003969379,69.6385542168675
"146","datsun b210",31,4,79,67,1950,19,74,"Japanese",62.6595744680851,28,12.5581395348837,20.2717391304348,18.599376240431,69.6385542168675
"147","honda civic",24,4,120,97,2489,15,74,"Japanese",45.9042553191489,28,22.093023255814,34.945652173913,32.3532747377375,47.9518072289157
"148","subaru",26,4,108,93,2391,15.5,74,"Japanese",50.6914893617021,28,19.3023255813953,32.9891304347826,29.8525659200454,50.6626506024096
"153","amc pacer",19,6,232,90,3211,17,75,"American",33.936170212766,64,48.1395348837209,31.5217391304348,50.7768641905302,58.7951807228916
"154","buick century",17,6,231,110,3907,21,75,"American",29.1489361702128,64,47.906976744186,41.304347826087,68.5370002835271,80.4819277108434
"155","buick skyhawk",21,6,231,110,3039,15,75,"American",38.7234042553191,64,47.906976744186,41.304347826087,46.3878650411114,47.9518072289157
"156","chevroelt chevelle malibu",16,6,250,105,3897,18.5,75,"American",26.7553191489362,64,52.3255813953488,38.8586956521739,68.2818259143748,66.9277108433735
"157","chevrolet bel air",15,8,350,145,4440,14,75,"American",24.3617021276596,100,75.5813953488372,58.4239130434783,82.1377941593422,42.5301204819277
"158","chevrolet monza 2+2",20,8,262,110,3221,13.5,75,"American",36.3297872340426,100,55.1162790697674,41.304347826087,51.0320385596824,39.8192771084337
"162","ford mustang ii",13,8,302,129,3169,12,75,"American",19.5744680851064,100,64.4186046511628,50.5978260869565,49.7051318400907,31.6867469879518
"165","mercury monarch",15,6,250,72,3432,21,75,"American",24.3617021276596,64,52.3255813953488,22.7173913043478,56.416217748795,80.4819277108434
"166","plymouth fury",18,6,225,95,3785,19,75,"American",31.5425531914894,64,46.5116279069767,33.9673913043478,65.4238729798696,69.6385542168675
"167","plymouth grand fury",16,8,318,150,4498,14.5,75,"American",26.7553191489362,100,68.1395348837209,60.8695652173913,83.6178055004253,45.2409638554217
"168","plymouth valiant custom",19,6,225,95,3264,16,75,"American",33.936170212766,64,46.5116279069767,33.9673913043478,52.1292883470371,53.3734939759036
"169","pontiac astro",23,4,140,78,2592,18.5,75,"American",43.5106382978723,28,26.7441860465116,25.6521739130435,34.9815707400057,66.9277108433735
"175","volkswagen rabbit",29,4,90,70,1937,14,75,"European",57.8723404255319,28,15.1162790697674,21.7391304347826,18.267649560533,42.5301204819277
"176","volvo 244dl",22,4,121,98,2945,14.5,75,"European",41.1170212765957,28,22.3255813953488,35.4347826086956,43.9892259710802,45.2409638554217
"178","honda civic cvcc",33,4,91,53,1795,17.5,75,"Japanese",67.4468085106383,28,15.3488372093023,13.4239130434783,14.644173518571,61.5060240963855
"179","toyota corolla",29,4,97,75,2171,16,75,"Japanese",57.8723404255319,28,16.7441860465116,24.1847826086957,24.2387297986958,53.3734939759036
"183","amc pacer d/l",17.5,6,258,95,3193,17.8,76,"American",30.3457446808511,64,54.1860465116279,33.9673913043478,50.3175503260561,63.1325301204819
"184","cadillac seville",16.5,8,350,180,4380,12.1,76,"American",27.9521276595745,100,75.5813953488372,75.5434782608696,80.6067479444287,32.2289156626506
"185","capri ii",25,4,140,92,2572,14.9,76,"American",48.2978723404255,28,26.7441860465116,32.5,34.4712220017012,47.4096385542169
"187","chevrolet chevette",29,4,85,52,2035,22.2,76,"American",57.8723404255319,28,13.953488372093,12.9347826086957,20.7683583782251,86.9879518072289
"189","chevrolet woody",24.5,4,98,60,2164,22.1,76,"American",47.1010638297872,28,16.9767441860465,16.8478260869565,24.0601077402892,86.4457831325301
"190","chevy c10",13,8,350,145,4055,12,76,"American",19.5744680851064,100,75.5813953488372,58.4239130434783,72.3135809469804,31.6867469879518
"191","dodge aspen se",20,6,225,100,3651,17.7,76,"American",36.3297872340426,64,46.5116279069767,36.4130434782609,62.0045364332294,62.5903614457831
"193","dodge coronet brougham",16,8,318,150,4190,13,76,"American",26.7553191489362,100,68.1395348837209,60.8695652173913,75.7584349305359,37.1084337349398
"194","dodge d100",13,8,318,150,3755,14,76,"American",19.5744680851064,100,68.1395348837209,60.8695652173913,64.6583498724128,42.5301204819277
"195","ford f108",13,8,302,130,3870,15,76,"American",19.5744680851064,100,64.4186046511628,51.0869565217391,67.5928551176637,47.9518072289157
"197","ford granada ghia",18,6,250,78,3574,21,76,"American",31.5425531914894,64,52.3255813953488,25.6521739130435,60.039693790757,80.4819277108434
"201","plymouth volare premier v8",13,8,318,150,3940,13.2,76,"American",19.5744680851064,100,68.1395348837209,60.8695652173913,69.3790757017295,38.1927710843373
"202","pontiac ventura sj",18.5,6,250,110,3645,16.2,76,"American",32.7393617021277,64,52.3255813953488,41.304347826087,61.851431811738,54.4578313253012
"203","fiat 131",28,4,107,86,2464,15.5,76,"European",55.4787234042553,28,19.0697674418605,29.5652173913043,31.7153388148568,50.6626506024096
"204","mercedes-benz 280s",16.5,6,168,120,3820,16.7,76,"European",27.9521276595745,64,33.2558139534884,46.195652173913,66.3169832719025,57.1686746987952
"207","renault 12tl",27,4,101,83,2202,15.3,76,"European",53.0851063829787,28,17.6744186046512,28.0978260869565,25.0297703430678,49.578313253012
"209","volvo 245",20,4,130,102,3150,15.7,76,"European",36.3297872340426,28,24.4186046511628,37.3913043478261,49.2203005387014,51.7469879518072
"210","vw rabbit",29,4,90,70,1937,14.2,76,"European",57.8723404255319,28,15.1162790697674,21.7391304347826,18.267649560533,43.6144578313253
"211","datsun b-210",32,4,85,70,1990,17,76,"Japanese",65.0531914893617,28,13.953488372093,21.7391304347826,19.62007371704,58.7951807228916
"215","buick opel isuzu deluxe",30,4,111,80,2155,14.8,77,"American",60.2659574468085,28,20,26.6304347826087,23.8304508080522,46.8674698795181
"216","buick skylark",20.5,6,231,105,3425,16.9,77,"American",37.5265957446808,64,47.906976744186,38.8586956521739,56.2375956903884,58.2530120481928
"219","chevrolet concours",17.5,6,250,110,3520,16.4,77,"American",30.3457446808511,64,52.3255813953488,41.304347826087,58.6617521973348,55.5421686746988
"220","chevrolet monte carlo landau",15.5,8,350,170,4165,11.4,77,"American",25.5585106382979,100,75.5813953488372,70.6521739130435,75.1204990076552,28.433734939759
"221","chrysler cordoba",15.5,8,400,190,4325,12.2,77,"American",25.5585106382979,100,87.2093023255814,80.4347826086957,79.2032889140913,32.7710843373494
"222","dodge colt m/m",33.5,4,98,83,2075,15.9,77,"American",68.6436170212766,28,16.9767441860465,28.0978260869565,21.7890558548341,52.8313253012048
"223","dodge monaco brougham",15.5,8,318,145,4140,13.7,77,"American",25.5585106382979,100,68.1395348837209,58.4239130434783,74.4825630847746,40.9036144578313
"224","ford granada",18.5,6,250,98,3525,19,77,"American",32.7393617021277,64,52.3255813953488,35.4347826086956,58.789339381911,69.6385542168675
"225","ford mustang ii 2+2",25.5,4,140,89,2755,15.8,77,"American",49.4946808510638,28,26.7441860465116,31.0326086956522,39.1409129571874,52.289156626506
"226","ford thunderbird",16,8,351,149,4335,14.5,77,"American",26.7553191489362,100,75.8139534883721,60.3804347826087,79.4584632832435,45.2409638554217
"227","mercury cougar brougham",15,8,302,130,4295,14.9,77,"American",24.3617021276596,100,64.4186046511628,51.0869565217391,78.4377658066345,47.4096385542169
"228","oldsmobile cutlass supreme",17,8,260,110,4060,19,77,"American",29.1489361702128,100,54.6511627906977,41.304347826087,72.4411681315566,69.6385542168675
"229","plymouth arrow gs",25.5,4,122,96,2300,15.5,77,"American",49.4946808510638,28,22.5581395348837,34.4565217391304,27.5304791607599,50.6626506024096
"230","plymouth volare custom",19,6,225,100,3630,17.7,77,"American",33.936170212766,64,46.5116279069767,36.4130434782609,61.4686702580096,62.5903614457831
"231","pontiac grand prix lj",16,8,400,180,4220,11.1,77,"American",26.7553191489362,100,87.2093023255814,75.5434782608696,76.5239580379926,26.8072289156626
"232","pontiac sunbird coupe",24.5,4,151,88,2740,16,77,"American",47.1010638297872,28,29.3023255813953,30.5434782608696,38.758151403459,53.3734939759036
"233","bmw 320i",21.5,4,121,110,2600,12.8,77,"European",39.9202127659574,28,22.3255813953488,41.304347826087,35.1857102353275,36.0240963855422
"234","renault 5 gtl",36,4,79,58,1825,18.6,77,"European",74.6276595744681,28,12.5581395348837,15.8695652173913,15.4096966260278,67.4698795180723
"236","volkswagen rabbit custom",29,4,97,78,1940,14.5,77,"European",57.8723404255319,28,16.7441860465116,25.6521739130435,18.3442018712787,45.2409638554217
"237","datsun 810",22,6,146,97,2815,14.5,77,"Japanese",41.1170212765957,64,28.1395348837209,34.945652173913,40.6719591721009,45.2409638554217
"238","datsun f-10 hatchback",33.5,4,85,70,1945,16.8,77,"Japanese",68.6436170212766,28,13.953488372093,21.7391304347826,18.4717890558548,57.710843373494
"239","honda accord cvcc",31.5,4,98,68,2045,18.5,77,"Japanese",63.8563829787234,28,16.9767441860465,20.7608695652174,21.0235327473774,66.9277108433735
"240","mazda rx-4",21.5,3,80,110,2720,13.5,77,"Japanese",39.9202127659574,10,12.7906976744186,41.304347826087,38.2478026651545,39.8192771084337
"241","subaru dl",30,4,97,67,1985,16.4,77,"Japanese",60.2659574468085,28,16.7441860465116,20.2717391304348,19.4924865324639,55.5421686746988
"242","toyota corolla liftback",26,4,97,75,2265,18.2,77,"Japanese",50.6914893617021,28,16.7441860465116,24.1847826086957,26.637368868727,65.3012048192771
"243","amc concord",19.4,6,232,90,3210,17.2,78,"American",34.8936170212766,64,48.1395348837209,31.5217391304348,50.751346753615,59.8795180722891
"244","amc concord d/l",18.1,6,258,120,3410,15.1,78,"American",31.781914893617,64,54.1860465116279,46.195652173913,55.8548341366601,48.4939759036145
"245","buick century special",20.6,6,231,105,3380,15.8,78,"American",37.7659574468085,64,47.906976744186,38.8586956521739,55.0893110292033,52.289156626506
"246","buick regal sport coupe (turbo)",17.7,6,231,165,3445,13.4,78,"American",30.8244680851064,64,47.906976744186,68.2065217391304,56.7479444286929,39.2771084337349
"250","dodge aspen",18.6,6,225,110,3620,18.7,78,"American",32.9787234042553,64,46.5116279069767,41.304347826087,61.2134958888574,68.0120481927711
"251","dodge diplomat",19.4,8,318,140,3735,13.2,78,"American",34.8936170212766,100,68.1395348837209,55.9782608695652,64.1480011341083,38.1927710843373
"252","dodge magnum xe",17.5,8,318,140,4080,13.7,78,"American",30.3457446808511,100,68.1395348837209,55.9782608695652,72.9515168698611,40.9036144578313
"253","dodge omni",30.9,4,105,75,2230,14.5,78,"American",62.4202127659574,28,18.6046511627907,24.1847826086957,25.7442585766941,45.2409638554217
"254","ford fairmont (auto)",20.2,6,200,85,2965,15.8,78,"American",36.8085106382979,64,40.6976744186046,29.0760869565217,44.4995747093847,52.289156626506
"255","ford fairmont (man)",25.1,4,140,88,2720,15.4,78,"American",48.5372340425532,28,26.7441860465116,30.5434782608696,38.2478026651545,50.1204819277108
"256","ford fiesta",36.1,4,98,66,1800,14.4,78,"American",74.8670212765957,28,16.9767441860465,19.7826086956522,14.7717607031472,44.6987951807229
"257","ford futura",18.1,8,302,139,3205,11.2,78,"American",31.781914893617,100,64.4186046511628,55.4891304347826,50.6237595690388,27.3493975903614
"258","mercury monarch ghia",20.2,8,302,139,3570,12.8,78,"American",36.8085106382979,100,64.4186046511628,55.4891304347826,59.9376240430961,36.0240963855422
"259","mercury zephyr",20.8,6,200,85,3070,16.7,78,"American",38.2446808510638,64,40.6976744186046,29.0760869565217,47.1789055854834,57.1686746987952
"260","oldsmobile cutlass salon brougham",19.9,8,260,110,3365,15.5,78,"American",36.0904255319149,100,54.6511627906977,41.304347826087,54.7065494754749,50.6626506024096
"261","oldsmobile starfire sx",23.8,4,151,85,2855,17.6,78,"American",45.4255319148936,28,29.3023255813953,29.0760869565217,41.69265664871,62.0481927710843
"262","plymouth sapporo",23.2,4,156,105,2745,16.7,78,"American",43.9893617021277,28,30.4651162790698,38.8586956521739,38.8857385880352,57.1686746987952
"263","plymouth volare",20.5,6,225,100,3430,17.2,78,"American",37.5265957446808,64,46.5116279069767,36.4130434782609,56.3651828749646,59.8795180722891
"264","pontiac phoenix lj",19.2,6,231,105,3535,19.2,78,"American",34.4148936170213,64,47.906976744186,38.8586956521739,59.0445137510632,70.722891566265
"265","audi 5000",20.3,5,131,103,2830,15.9,78,"European",37.0478723404255,46,24.6511627906977,37.8804347826087,41.0547207258293,52.8313253012048
"266","peugeot 604sl",16.2,6,163,133,3410,15.8,78,"European",27.2340425531915,64,32.093023255814,52.554347826087,55.8548341366601,52.289156626506
"267","saab 99gle",21.6,4,121,115,2795,15.7,78,"European",40.1595744680851,28,22.3255813953488,43.75,40.1616104337964,51.7469879518072
"268","volkswagen rabbit custom diesel",43.1,4,90,48,1985,21.5,78,"European",91.6223404255319,28,15.1162790697674,10.9782608695652,19.4924865324639,83.1927710843373
"269","volkswagen scirocco",31.5,4,89,71,1990,14.9,78,"European",63.8563829787234,28,14.8837209302326,22.2282608695652,19.62007371704,47.4096385542169
"270","volvo 264gl",17,6,163,125,3140,13.6,78,"European",29.1489361702128,64,32.093023255814,48.6413043478261,48.9651261695492,40.3614457831325
"271","datsun 200-sx",23.9,4,119,97,2405,14.9,78,"Japanese",45.6648936170213,28,21.8604651162791,34.945652173913,30.2098100368585,47.4096385542169
"272","datsun 510",27.2,4,119,97,2300,14.7,78,"Japanese",53.563829787234,28,21.8604651162791,34.945652173913,27.5304791607599,46.3253012048193
"273","datsun b210 gx",39.4,4,85,70,2070,18.6,78,"Japanese",82.7659574468085,28,13.953488372093,21.7391304347826,21.661468670258,67.4698795180723
"274","honda accord lx",29.5,4,98,68,2135,16.6,78,"Japanese",59.0691489361702,28,16.9767441860465,20.7608695652174,23.3201020697477,56.6265060240964
"276","mazda glc deluxe",32.8,4,78,52,1985,19.4,78,"Japanese",66.968085106383,28,12.3255813953488,12.9347826086957,19.4924865324639,71.8072289156626
"277","toyota celica gt liftback",21.1,4,134,95,2515,14.8,78,"Japanese",38.9627659574468,28,25.3488372093023,33.9673913043478,33.0167280975333,46.8674698795181
"279","amc concord dl 6",20.2,6,232,90,3265,18.2,79,"American",36.8085106382979,64,48.1395348837209,31.5217391304348,52.1548057839524,65.3012048192771
"280","amc spirit dl",27.4,4,121,80,2670,15,79,"American",54.0425531914894,28,22.3255813953488,26.6304347826087,36.9719308193933,47.9518072289157
"282","buick skylark limited",28.4,4,151,90,2670,16,79,"American",56.436170212766,28,29.3023255813953,31.5217391304348,36.9719308193933,53.3734939759036
"283","cadillac eldorado",23,8,350,125,3900,17.4,79,"American",43.5106382978723,100,75.5813953488372,48.6413043478261,68.3583782251205,60.9638554216867
"285","chevrolet citation",28.8,6,173,115,2595,11.3,79,"American",57.3936170212766,64,34.4186046511628,43.75,35.0581230507513,27.8915662650602
"286","chevrolet malibu classic (sw)",19.2,8,267,125,3605,15,79,"American",34.4148936170213,100,56.2790697674419,48.6413043478261,60.830734335129,47.9518072289157
"287","chrysler lebaron town @ country (sw)",18.5,8,360,150,3940,13,79,"American",32.7393617021277,100,77.906976744186,60.8695652173913,69.3790757017295,37.1084337349398
"288","dodge aspen 6",20.6,6,225,110,3360,16.6,79,"American",37.7659574468085,64,46.5116279069767,41.304347826087,54.5789622908988,56.6265060240964
"289","dodge colt hatchback custom",35.7,4,98,80,1915,14.4,79,"American",73.9095744680851,28,16.9767441860465,26.6304347826087,17.7062659483981,44.6987951807229
"290","dodge st. regis",18.2,8,318,135,3830,15.2,79,"American",32.0212765957447,100,68.1395348837209,53.5326086956522,66.5721576410547,49.0361445783132
"292","ford fairmont 4",22.3,4,140,88,2890,17.3,79,"American",41.8351063829787,28,26.7441860465116,30.5434782608696,42.5857669407428,60.421686746988
"293","ford ltd landau",17.6,8,302,129,3725,13.4,79,"American",30.5851063829787,100,64.4186046511628,50.5978260869565,63.8928267649561,39.2771084337349
"294","mercury grand marquis",16.5,8,351,138,3955,13.2,79,"American",27.9521276595745,100,75.8139534883721,55,69.7618372554579,38.1927710843373
"295","mercury zephyr 6",19.8,6,200,85,2990,18.2,79,"American",35.8510638297872,64,40.6976744186046,29.0760869565217,45.1375106322654,65.3012048192771
"297","oldsmobile omega brougham",26.8,6,173,115,2700,12.9,79,"American",52.6063829787234,64,34.4186046511628,43.75,37.73745392685,36.566265060241
"298","plymouth horizon",34.2,4,105,70,2200,13.2,79,"American",70.3191489361702,28,18.6046511627907,21.7391304347826,24.9787354692373,38.1927710843373
"299","plymouth horizon tc3",34.5,4,105,70,2150,14.9,79,"American",71.0372340425532,28,18.6046511627907,21.7391304347826,23.702863623476,47.4096385542169
"300","pontiac lemans v6",21.5,6,231,115,3245,15.4,79,"American",39.9202127659574,64,47.906976744186,43.75,51.6444570456479,50.1204819277108
"301","pontiac phoenix",33.5,4,151,90,2556,13.2,79,"American",68.6436170212766,28,29.3023255813953,31.5217391304348,34.0629430110576,38.1927710843373
"302","fiat strada custom",37.3,4,91,69,2130,14.7,79,"European",77.7393617021277,28,15.3488372093023,21.25,23.1925148851715,46.3253012048193
"303","mercedes benz 300d",25.4,5,183,77,3530,20.1,79,"European",49.2553191489362,46,36.7441860465116,25.1630434782609,58.9169265664871,75.6024096385542
"305","vw rabbit custom",31.9,4,89,71,1925,14,79,"European",64.813829787234,28,14.8837209302326,22.2282608695652,17.9614403175503,42.5301204819277
"306","datsun 210",31.8,4,85,65,2020,19.2,79,"Japanese",64.5744680851064,28,13.953488372093,19.2934782608696,20.3855968244967,70.722891566265
"307","maxda glc deluxe",34.1,4,86,65,1975,15.2,79,"Japanese",70.0797872340426,28,14.1860465116279,19.2934782608696,19.2373121633116,49.0361445783132
"313","ford fairmont",26.4,4,140,88,2870,18.1,80,"American",51.6489361702128,28,26.7441860465116,30.5434782608696,42.0754182024383,64.7590361445783
"314","audi 4000",34.3,4,97,78,2188,15.8,80,"European",70.5585106382979,28,16.7441860465116,25.6521739130435,24.6725262262546,52.289156626506
"315","audi 5000s (diesel)",36.4,5,121,67,2950,19.9,80,"European",75.5851063829787,46,22.3255813953488,20.2717391304348,44.1168131556564,74.5180722891566
"316","mercedes-benz 240d",30,4,146,67,3250,21.8,80,"European",60.2659574468085,28,28.1395348837209,20.2717391304348,51.772044230224,84.8192771084337
"317","triumph tr7 coupe",35,4,122,88,2500,15.1,80,"European",72.2340425531915,28,22.5581395348837,30.5434782608696,32.6339665438049,48.4939759036145
"318","vokswagen rabbit",29.8,4,89,62,1845,15.3,80,"European",59.7872340425532,28,14.8837209302326,17.8260869565217,15.9200453643323,49.578313253012
"319","vw dasher (diesel)",43.4,4,90,48,2335,23.7,80,"European",92.3404255319149,28,15.1162790697674,10.9782608695652,28.4235894527927,95.1204819277108
"321","vw rabbit c (diesel)",44.3,4,90,48,2085,21.7,80,"European",94.4946808510638,28,15.1162790697674,10.9782608695652,22.0442302239864,84.2771084337349
"323","datsun 280-zx",32.7,6,168,132,2910,11.4,80,"Japanese",66.7287234042553,64,33.2558139534884,52.0652173913044,43.0961156790474,28.433734939759
"324","datsun 310",37.2,4,86,65,2019,16.4,80,"Japanese",77.5,28,14.1860465116279,19.2934782608696,20.3600793875815,55.5421686746988
"325","datsun 510 hatchback",37,4,119,92,2434,15,80,"Japanese",77.0212765957447,28,21.8604651162791,32.5,30.9498157074001,47.9518072289157
"326","honda accord",32.4,4,107,72,2290,17,80,"Japanese",66.0106382978723,28,19.0697674418605,22.7173913043478,27.2753047916076,58.7951807228916
"327","honda civic 1500 gl",44.6,4,91,67,1850,13.8,80,"Japanese",95.2127659574468,28,15.3488372093023,20.2717391304348,16.0476325489084,41.4457831325301
"328","mazda 626",31.3,4,120,75,2542,17.5,80,"Japanese",63.3776595744681,28,22.093023255814,24.1847826086957,33.7056988942444,61.5060240963855
"329","mazda glc",46.6,4,86,65,2110,17.9,80,"Japanese",100,28,14.1860465116279,19.2934782608696,22.682166146867,63.6746987951807
"330","mazda rx-7 gs",23.7,3,70,100,2420,12.5,80,"Japanese",45.186170212766,10,10.4651162790698,36.4130434782609,30.5925715905869,34.3975903614458
"333","toyota corolla tercel",38.1,4,89,60,1968,18.8,80,"Japanese",79.6542553191489,28,14.8837209302326,16.8478260869565,19.058690104905,68.5542168674699
"334","toyota corona liftback",29.8,4,134,90,2711,15.5,80,"Japanese",59.7872340425532,28,25.3488372093023,31.5217391304348,38.0181457329175,50.6626506024096
"338","chrysler lebaron salon",17.6,6,225,85,3465,16.6,81,"American",30.5851063829787,64,46.5116279069767,29.0760869565217,57.2582931669975,56.6265060240964
"339","dodge aries wagon (sw)",25.8,4,156,92,2620,14.4,81,"American",50.2127659574468,28,30.4651162790698,32.5,35.696058973632,44.6987951807229
"340","ford escort 2h",29.9,4,98,65,2380,20.7,81,"American",60.0265957446808,28,16.9767441860465,19.2934782608696,29.5718741139779,78.855421686747
"341","ford escort 4w",34.4,4,98,65,2045,16.2,81,"American",70.7978723404255,28,16.9767441860465,19.2934782608696,21.0235327473774,54.4578313253012
"342","ford granada gl",20.2,6,200,88,3060,17.1,81,"American",36.8085106382979,64,40.6976744186046,30.5434782608696,46.9237312163312,59.3373493975904
"343","oldsmobile cutlass ls",26.6,8,350,105,3725,19,81,"American",52.1276595744681,100,75.5813953488372,38.8586956521739,63.8928267649561,69.6385542168675
"344","plymouth champ",39,4,86,64,1875,16.4,81,"American",81.8085106382979,28,14.1860465116279,18.804347826087,16.6855684717891,55.5421686746988
"345","plymouth horizon 4",34.7,4,105,63,2215,14.9,81,"American",71.5159574468085,28,18.6046511627907,18.3152173913043,25.3614970229657,47.4096385542169
"346","plymouth reliant",27.2,4,135,84,2490,15.7,81,"American",53.563829787234,28,25.5813953488372,28.5869565217391,32.3787921746527,51.7469879518072
"348","peugeot 505s turbo diesel",28.1,4,141,80,3230,20.4,81,"European",55.718085106383,28,26.9767441860465,26.6304347826087,51.2616954919195,77.2289156626506
"349","volkswagen jetta",33,4,105,74,2190,14.2,81,"European",67.4468085106383,28,18.6046511627907,23.695652173913,24.7235611000851,43.6144578313253
"350","volvo diesel",30.7,6,145,76,3160,19.6,81,"European",61.9414893617021,64,27.906976744186,24.6739130434783,49.4754749078537,72.8915662650602
"351","datsun 200sx",32.9,4,119,100,2615,14.8,81,"Japanese",67.2074468085106,28,21.8604651162791,36.4130434782609,35.5684717890558,46.8674698795181
"352","datsun 210 mpg",37,4,85,65,1975,19.4,81,"Japanese",77.0212765957447,28,13.953488372093,19.2934782608696,19.2373121633116,71.8072289156626
"353","datsun 810 maxima",24.2,6,146,120,2930,13.8,81,"Japanese",46.3829787234042,64,28.1395348837209,46.195652173913,43.6064644173519,41.4457831325301
"354","honda civic 1300",35.1,4,81,60,1760,16.1,81,"Japanese",72.4734042553192,28,13.0232558139535,16.8478260869565,13.7510632265381,53.9156626506024
"355","honda prelude",33.7,4,107,75,2210,14.4,81,"Japanese",69.1223404255319,28,19.0697674418605,24.1847826086957,25.2339098383896,44.6987951807229
"357","mazda glc 4",34.1,4,91,68,1985,16,81,"Japanese",70.0797872340426,28,15.3488372093023,20.7608695652174,19.4924865324639,53.3734939759036
"360","toyota cressida",25.4,6,168,116,2900,12.6,81,"Japanese",49.2553191489362,64,33.2558139534884,44.2391304347826,42.8409413098951,34.9397590361446
"361","toyota starlet",39.1,4,79,58,1755,16.9,81,"Japanese",82.0478723404255,28,12.5581395348837,15.8695652173913,13.623476041962,58.2530120481928
"362","toyota tercel",37.7,4,89,62,2050,17.3,81,"Japanese",78.6968085106383,28,14.8837209302326,17.8260869565217,21.1511199319535,60.421686746988
"363","buick century limited",25,6,181,110,2945,16.4,82,"American",48.2978723404255,64,36.2790697674419,41.304347826087,43.9892259710802,55.5421686746988
"364","chevrolet camaro",27,4,151,90,2950,17.3,82,"American",53.0851063829787,28,29.3023255813953,31.5217391304348,44.1168131556564,60.421686746988
"365","chevrolet cavalier",28,4,112,88,2605,19.6,82,"American",55.4787234042553,28,20.2325581395349,30.5434782608696,35.3132974199036,72.8915662650602
"366","chevrolet cavalier 2-door",34,4,112,88,2395,18,82,"American",69.8404255319149,28,20.2325581395349,30.5434782608696,29.9546356677063,64.2168674698795
"367","chevrolet cavalier wagon",27,4,112,88,2640,18.6,82,"American",53.0851063829787,28,20.2325581395349,30.5434782608696,36.2064077119365,67.4698795180723
"368","chevy s-10",31,4,119,82,2720,19.4,82,"American",62.6595744680851,28,21.8604651162791,27.6086956521739,38.2478026651545,71.8072289156626
"369","chrysler lebaron medallion",26,4,156,92,2585,14.5,82,"American",50.6914893617021,28,30.4651162790698,32.5,34.8029486815991,45.2409638554217
"370","dodge aries se",29,4,135,84,2525,16,82,"American",57.8723404255319,28,25.5813953488372,28.5869565217391,33.2719024666856,53.3734939759036
"371","dodge charger 2.2",36,4,135,84,2370,13,82,"American",74.6276595744681,28,25.5813953488372,28.5869565217391,29.3166997448256,37.1084337349398
"372","dodge rampage",32,4,135,84,2295,11.6,82,"American",65.0531914893617,28,25.5813953488372,28.5869565217391,27.4028919761837,29.5180722891566
"373","ford fairmont futura",24,4,140,92,2865,16.4,82,"American",45.9042553191489,28,26.7441860465116,32.5,41.9478310178622,55.5421686746988
"374","ford granada l",22,6,232,112,2835,14.7,82,"American",41.1170212765957,64,48.1395348837209,42.2826086956522,41.1823079104054,46.3253012048193
"375","ford mustang gl",27,4,140,86,2790,15.6,82,"American",53.0851063829787,28,26.7441860465116,29.5652173913043,40.0340232492203,51.2048192771084
"376","ford ranger",28,4,120,79,2625,18.6,82,"American",55.4787234042553,28,22.093023255814,26.1413043478261,35.8236461582081,67.4698795180723
"377","mercury lynx l",36,4,98,70,2125,17.3,82,"American",74.6276595744681,28,16.9767441860465,21.7391304347826,23.0649277005954,60.421686746988
"378","oldsmobile cutlass ciera (diesel)",38,6,262,85,3015,17,82,"American",79.4148936170213,64,55.1162790697674,29.0760869565217,45.775446555146,58.7951807228916
"379","plymouth horizon miser",38,4,105,63,2125,14.7,82,"American",79.4148936170213,28,18.6046511627907,18.3152173913043,23.0649277005954,46.3253012048193
"380","pontiac j2000 se hatchback",31,4,112,85,2575,16.2,82,"American",62.6595744680851,28,20.2325581395349,29.0760869565217,34.5477743124468,54.4578313253012
"382","volkswagen rabbit l",36,4,105,74,1980,15.3,82,"European",74.6276595744681,28,18.6046511627907,23.695652173913,19.3648993478877,49.578313253012
"383","vw pickup",44,4,97,52,2130,24.6,82,"European",93.7765957446808,28,16.7441860465116,12.9347826086957,23.1925148851715,100
"384","datsun 310 gx",38,4,91,67,1995,16.2,82,"Japanese",79.4148936170213,28,15.3488372093023,20.2717391304348,19.7476609016161,54.4578313253012
"387","honda civic (auto)",32,4,91,67,1965,15.7,82,"Japanese",65.0531914893617,28,15.3488372093023,20.2717391304348,18.9821377941593,51.7469879518072
"388","mazda glc custom",31,4,91,68,1970,17.6,82,"Japanese",62.6595744680851,28,15.3488372093023,20.7608695652174,19.1097249787355,62.0481927710843
"389","mazda glc custom l",37,4,91,68,2025,18.2,82,"Japanese",77.0212765957447,28,15.3488372093023,20.7608695652174,20.5131840090729,65.3012048192771
"390","nissan stanza xe",36,4,120,88,2160,14.5,82,"Japanese",74.6276595744681,28,22.093023255814,30.5434782608696,23.9580379926283,45.2409638554217
"391","toyota celica gt",32,4,144,96,2665,13.9,82,"Japanese",65.0531914893617,28,27.6744186046512,34.4565217391304,36.8443436348171,41.9879518072289
