"","PlayerID","PlayerTrueName","Team","MinOnCourt","PossForOnCourt","PossOppOnCourt","PointsForOnCourt","PointsOppOnCourt","OffRtgOnCourt","DefRtgOnCourt","OverallRtgOnCourt","ORebForOnCourt","ORebOppOnCourt","DRebForOnCourt","DRebOppOnCourt","ORebRateOnCourt","DRebRateOnCourt","MinOffCourt","PossForOffCourt","PossOppOffCourt","PointsForOffCourt","PointsOppOffCourt","OffRtgOffCourt","DefRtgOffCourt","OverallRtgOffCourt","ORebForOffCourt","ORebOppOffCourt","DRebForOffCourt","DRebOppOffCourt","ORebRateOffCourt","DRebRateOffCourt","OverallRtgOnCourtMinusOffCourt","ORebRateOnCourtMinusOffCourt","DRebRateOnCourtMinusOffCourt","TotalScore","PointsForOnCourt Score","PointsOppOnCourt Score","ORebForOnCourt Score","ORebOppOnCourt Score","DRebForOnCourt Score","DRebOppOnCourt Score","PointsForOffCourt Score","PointsOppOffCourt Score","ORebForOffCourt Score","ORebOppOffCourt Score","DRebForOffCourt Score","DRebOppOffCourt Score"
"65",170,"Lewis, Rashard","ORL",985.8667,1834,1829,1979,1930,107.9062,105.5221,2.3841,287,299,669,670,0.2999,0.6911,181.1333,328,339,348,353,106.0976,104.1298,1.9678,64,54,120,117,0.3536,0.6897,0.4163,-0.0537,0.0014,726.081280671211,100,100,94.1368078175896,94.8895899053628,100,100,22.2548161120841,22.3094170403587,25.2112676056338,22.3287671232877,22.7413127413127,22.2093023255814
"60",151,"Turkoglu, Hedo","ORL",933.6667,1719,1714,1874,1834,109.0169,107.0012,2.0157,269,273,626,624,0.3012,0.6963,233.3333,443,454,453,449,102.2573,98.8987,3.3587,82,80,163,163,0.3347,0.6708,-1.343,-0.0335,0.0255,721.50177601471,95.2200303490137,95.5163466528282,88.8599348534202,87.5078864353312,94.2152466367713,93.8116591928251,26.3922942206655,26.1838565022422,29.7746478873239,28.7397260273973,27.7220077220077,27.5581395348837
"59",149,"Howard, Dwight","ORL",902.7333,1668,1658,1759,1758,105.4556,106.0314,-0.5757,275,282,605,621,0.3069,0.6821,264.2667,494,510,568,525,114.9798,102.9412,12.0386,76,71,184,166,0.314,0.7216,-12.6143,-0.0071,-0.0395,720.442228425198,89.9848254931715,91.9667877529839,90.6188925081433,90.0630914826498,91.390134529148,93.4080717488789,30.9238178633975,29.2511210762332,28.2535211267606,26.5205479452055,30.1544401544402,27.906976744186
"107",308,"Alston, Rafer","ORL",740.25,1386,1381,1476,1447,106.4935,104.7791,1.7144,226,226,503,522,0.3021,0.69,426.75,776,787,851,836,109.6649,106.2262,3.4388,125,127,286,265,0.3205,0.6925,-1.7244,-0.0184,-0.0025,708.989782486963,77.1016691957511,77.441619097042,76.2540716612378,74.1640378548896,77.6681614349776,80.0896860986547,42.0753064798599,41.8026905829596,40.6760563380282,40.3287671232877,41.969111969112,39.4186046511628
"68",186,"Bryant, Kobe","LAL",894.8833,1705,1698,1925,1755,112.9032,103.3569,9.5463,307,317,607,604,0.337,0.6569,171.1167,327,334,327,340,100,101.7964,-1.7964,57,56,129,114,0.3333,0.6973,11.3427,0.0037,-0.0404,707.263532818148,97.5417298937785,91.8266735858848,100,100,91.6591928251121,91.1210762331839,21.4273204903678,21.7847533632287,23.4366197183099,22.8219178082192,23.7837837837838,21.8604651162791
"74",197,"Gasol, Pau","LAL",885.9333,1677,1682,1881,1735,112.1646,103.151,9.0136,302,313,607,584,0.3409,0.6598,180.0667,355,350,371,360,104.507,102.8571,1.6499,62,60,129,134,0.3163,0.6825,7.3637,0.0246,-0.0227,706.154839413683,95.5386949924127,90.8925791385573,98.5342019543974,98.8643533123028,91.6591928251121,88.4304932735426,23.1611208406305,22.5919282511211,24.7042253521127,23.8082191780822,23.7837837837838,24.1860465116279
"41",98,"Pietrus, Mickael","ORL",617.7167,1137,1158,1225,1209,107.7397,104.4041,3.3355,202,199,413,411,0.3295,0.6748,549.2833,1025,1010,1102,1074,107.5122,106.3366,1.1756,149,154,376,376,0.2838,0.7094,2.1599,0.0457,-0.0346,700.275502947467,65.6752655538695,66.3258951738454,69.2182410423453,66.4984227129337,65.5605381165919,65.1569506726457,51.9658493870403,51.4080717488789,46.7605633802817,46.986301369863,52.3938223938224,52.3255813953488
"197",788,"Lee, Courtney","ORL",549.55,1021,1033,1114,1090,109.1087,105.5179,3.5908,161,178,365,369,0.3038,0.6722,617.45,1141,1135,1213,1193,106.3103,105.1101,1.2001,190,175,424,418,0.3125,0.7078,2.3907,-0.0087,-0.0356,694.767828700305,60.6221547799696,60.768033212247,57.1986970684039,60.5362776025237,59.1031390134529,59.5067264573991,56.3397548161121,56.2107623318386,57.1549295774648,52.1643835616438,57.953667953668,57.2093023255814
"69",187,"Odom, Lamar","LAL",702.6333,1345,1345,1538,1368,114.3494,101.71,12.6394,251,248,486,453,0.3565,0.6621,363.3667,687,687,714,727,103.9301,105.8224,-1.8923,113,125,250,265,0.2989,0.6667,14.5317,0.0576,-0.0046,692.625292641196,79.9241274658574,73.7519460300986,83.5830618892508,80.410094637224,75.3811659192825,70.8071748878924,36.6768826619965,37.4035874439462,37.6338028169014,39.8356164383562,37.7992277992278,39.4186046511628
"85",245,"Ariza, Trevor","LAL",689.6667,1299,1308,1447,1348,111.3934,103.0581,8.3353,237,240,469,457,0.3415,0.6615,376.3333,733,724,805,747,109.8226,103.1768,6.6459,127,133,267,261,0.3273,0.6675,1.6894,0.0142,-0.006,690.843034455911,75.7814871016692,72.8178515827711,79.4788273615635,78.1388012618297,73.0941704035874,71.3452914798206,40.2626970227671,38.2107623318386,41.1830985915493,41.8082191780822,39.7683397683398,38.953488372093
"42",103,"Fisher, Derek","LAL",608.35,1153,1159,1279,1184,110.928,102.157,8.771,208,217,413,403,0.3404,0.6556,457.65,879,873,973,911,110.694,104.3528,6.3412,156,156,323,315,0.3312,0.6743,2.4298,0.0092,-0.0187,684.733406010612,68.133535660091,65.158277114686,70.9771986970684,71.608832807571,65.5605381165919,64.0807174887892,46.8826619964974,44.8295964125561,48.5352112676056,47.4794520547945,46.2548262548263,45.2325581395349
"157",599,"Redick, J.J.","ORL",326.8,612,608,643,619,105.0654,101.8092,3.2561,96,93,227,231,0.2936,0.7094,840.2,1550,1560,1684,1664,108.6452,106.6667,1.9785,255,260,562,556,0.3144,0.6837,1.2776,-0.0208,0.0257,678.047772997433,39.1805766312595,38.7701089776855,38.14332247557,36.403785488959,40.5381165919283,40.9417040358744,74.899299474606,75.219730941704,73.6338028169014,73.1232876712329,73.9382239382239,73.2558139534884
"114",337,"Johnson, Anthony","ORL",279.55,506,511,544,526,107.5099,102.9354,4.5745,80,77,198,175,0.3137,0.72,887.45,1656,1657,1783,1757,107.6691,106.035,1.6341,271,276,591,612,0.3069,0.6817,2.9404,0.0068,0.0383,674.055946004557,34.6737481031866,34.4265697976129,33.4527687296417,31.8611987381703,36.6367713004484,33.4080717488789,78.800350262697,78.9730941704036,77.6901408450704,77.0684931506849,77.2972972972973,79.7674418604651
"186",702,"Gortat, Marcin","ORL",270.55,503,522,573,529,113.9165,101.341,12.5755,85,71,192,170,0.3333,0.73,896.45,1659,1646,1754,1754,105.7263,106.5614,-0.835,266,282,597,617,0.3012,0.6792,13.4105,0.0321,0.0508,674.023163834582,35.9939301972686,34.566683964712,34.9185667752443,30.1577287066246,35.8295964125561,32.7354260089686,77.6576182136602,78.8520179372197,76.4225352112676,78.5479452054795,77.992277992278,80.3488372093023
"73",194,"Bynum, Andrew","LAL",381.2833,721,714,770,739,106.7961,103.5014,3.2947,117,135,269,268,0.3039,0.6658,684.7167,1311,1318,1482,1356,113.0435,102.8832,10.1603,247,238,467,450,0.3544,0.6624,-6.8656,-0.0505,0.0034,666.969789475075,44.9620637329287,44.3746756616502,44.299674267101,48.3280757097792,46.1883408071749,45.9192825112108,66.9395796847636,62.7892376681614,71.6056338028169,67.6986301369863,62.9343629343629,60.9302325581395
"57",144,"Battie, Tony","ORL",128.3833,237,242,255,264,107.5949,109.0909,-1.496,39,39,85,74,0.3451,0.6855,1038.6167,1925,1926,2072,2019,107.6364,104.8287,2.8077,312,314,704,713,0.3044,0.6916,-4.3037,0.0407,-0.0061,663.624711463547,21.5174506828528,22.1899325376232,21.4332247557003,21.0725552050473,21.4349775784753,19.8206278026906,90.1882661996497,89.5470852017937,88.0845070422535,86.4383561643836,90.3861003861004,91.5116279069767
"130",459,"Walton, Luke","LAL",316.5167,604,602,656,618,108.6093,102.6578,5.9515,106,111,223,219,0.3262,0.6677,749.4833,1428,1430,1596,1477,111.7647,103.2867,8.478,258,262,513,499,0.3408,0.6619,-2.5265,-0.0146,0.0058,662.417859369983,39.7723823975721,38.7234042553192,41.0749185667752,41.5141955835962,40,39.3273542600897,71.4316987740806,67.6726457399103,74.3943661971831,73.6164383561644,68.2625482625483,66.6279069767442
"61",158,"Nelson, Jameer","ORL",89.8,162,161,168,181,103.7037,112.4224,-8.7187,32,27,56,61,0.3441,0.6747,1077.2,2000,2007,2159,2102,107.95,104.7334,3.2166,319,326,733,726,0.3053,0.6922,-11.9353,0.0388,-0.0175,661.060616877538,17.556904400607,18.3134405812143,19.3811074918567,17.6656151419558,17.5336322869955,18.0717488789238,93.6164623467601,92.8968609865471,89.8591549295775,89.3972602739726,93.7451737451737,93.0232558139535
"147",560,"Brown, Shannon","LAL",261.6,504,504,568,535,112.6984,106.1508,6.5476,97,91,190,182,0.3477,0.6762,804.4,1528,1528,1684,1560,110.2094,102.0942,8.1152,267,282,546,536,0.3325,0.6594,-1.5676,0.0152,0.0168,658.956880210756,35.7663125948407,34.8469122989102,38.4364820846906,35.8359621451104,35.5605381165919,34.3497757847534,74.899299474606,71.0224215246637,76.6760563380282,78.5479452054795,72.0849420849421,70.9302325581395
"151",575,"Farmar, Jordan","LAL",253.6667,485,481,524,489,108.0412,101.6632,6.378,79,88,179,177,0.3086,0.6704,812.3333,1547,1551,1728,1606,111.7001,103.5461,8.154,285,285,557,541,0.345,0.6615,-1.776,-0.0364,0.0089,657.273289257353,33.763277693475,32.6984950700571,33.1596091205212,34.9842271293375,34.0807174887892,33.6771300448431,76.6330998248687,72.8789237668161,81.2394366197183,79.2876712328767,73.3590733590734,71.5116279069767
"72",193,"Vujacic, Sasha","LAL",246.6333,491,489,520,518,105.9063,105.9305,-0.0242,84,76,177,173,0.3268,0.6996,819.3667,1541,1543,1732,1577,112.3945,102.2035,10.191,280,297,559,545,0.3394,0.653,-10.2152,-0.0126,0.0466,657.072604831387,33.5811836115326,34.0529320186819,34.6254071661238,31.5772870662461,33.8116591928251,33.1390134529148,76.7907180385289,71.7085201793722,79.9718309859155,82.2465753424658,73.5907335907336,71.9767441860465
"37",93,"Foyle, Adonal","ORL",3.85,10,9,8,11,80,122.2222,-42.2222,0,1,2,3,0,0.6667,1163.15,2152,2159,2319,2272,107.7602,105.2339,2.5263,351,352,787,784,0.3093,0.691,-44.7485,-0.3093,-0.0243,654.695337616962,10.2731411229135,10.373637778931,10,10.2839116719243,10.2690582959641,10.2690582959641,99.9211908931699,99.7578475336323,97.9718309859155,95.8082191780822,100,99.7674418604651
"165",650,"Richardson, Jeremy","ORL",2.4333,5,4,6,5,120,125,-5,3,0,2,1,0.75,1,1164.5667,2157,2164,2321,2278,107.6032,105.268,2.3351,348,353,787,786,0.3069,0.6904,-7.3351,0.4431,0.3096,654.690102776183,10.1820940819423,10.0934094447327,10.8794788273616,10,10.2690582959641,10,100,100,97.2112676056338,96.0547945205479,100,100
"39",96,"Lue, Tyronn","ORL",3.85,10,10,11,12,110,120,-10,0,0,2,3,0,1,1163.15,2152,2158,2316,2271,107.6208,105.2363,2.3845,351,353,787,784,0.3093,0.6904,-12.3845,-0.3093,0.3096,654.682704166687,10.4097116843703,10.4203425012974,10,10,10.2690582959641,10.2690582959641,99.8029772329247,99.7174887892377,97.9718309859155,96.0547945205479,100,99.7674418604651
"124",430,"Powell, Josh","LAL",73.2333,143,144,124,155,86.7133,107.6389,-20.9256,27,25,45,60,0.3103,0.6429,992.7667,1889,1888,2128,1940,112.6522,102.7542,9.898,337,348,691,658,0.3387,0.6651,-30.8236,-0.0284,-0.0222,643.651826488501,15.5538694992413,17.0991177996886,17.9153094462541,17.0977917981073,16.0538116591928,17.9372197309417,92.3949211908932,86.3587443946188,94.4225352112676,94.8219178082192,88.8803088803089,85.1162790697674
"125",439,"Mbenga, DJ","LAL",15.6,33,34,28,31,84.8485,91.1765,-6.328,5,4,15,10,0.3333,0.7895,1050.4,1999,1998,2224,2064,111.2556,103.3033,7.9523,359,369,721,708,0.3365,0.6615,-14.2803,-0.0032,0.128,639.147919975395,11.1836115326252,11.3077322262584,11.4657980456026,11.1356466876972,12.0179372197309,11.2107623318386,96.1777583187391,91.3632286995516,100,100,92.3552123552123,90.9302325581395
"94",271,"Billups, Chauncey","DEN",580.2667,1123,1113,1338,1205,119.1451,108.2659,10.8792,173,181,386,388,0.3084,0.6808,139.7333,267,274,295,281,110.4869,102.5547,7.9321,58,45,99,89,0.3946,0.6875,2.9471,-0.0862,-0.0067,505.686216831573,70.8194233687405,66.1390762843799,60.7166123778502,61.3880126182965,61.9282511210762,62.0627802690583,20.1663747810858,19.4035874439462,23.6901408450704,20.1095890410959,20.3088803088803,18.953488372093
"9",25,"Anthony, Carmelo","DEN",571.5333,1097,1101,1322,1204,120.5105,109.3551,11.1554,172,180,381,371,0.3168,0.6791,148.4667,293,286,311,282,106.1433,98.6014,7.5419,59,46,104,106,0.3576,0.6933,3.6135,-0.0408,-0.0142,505.101246078246,70.0910470409712,66.0923715620135,60.4234527687296,61.1041009463722,61.2556053811659,59.7757847533632,20.7968476357268,19.4439461883408,23.943661971831,20.3561643835616,20.8880308880309,20.9302325581395
"8",21,"Martin, Kenyon","DEN",502.2,968,968,1123,1056,116.0124,109.0909,6.9215,151,161,334,335,0.3107,0.6747,217.8,422,419,510,430,120.8531,102.6253,18.2278,80,65,151,142,0.3604,0.6991,-11.3063,-0.0497,-0.0244,499.866711175253,61.0318664643399,59.1800726517903,54.2671009771987,55.7097791798107,54.932735426009,54.932735426009,28.638353765324,25.4170403587444,29.2676056338028,25.041095890411,26.3320463320463,25.1162790697674
"16",34,"Hilario, Nene","DEN",499.1,965,961,1122,1016,116.2694,105.7232,10.5462,151,151,341,329,0.3146,0.6931,220.9,425,426,511,470,120.2353,110.3286,9.9067,80,75,144,148,0.3509,0.6575,0.6395,-0.0363,0.0356,499.254782550503,60.9863429438543,57.3118837571354,54.2671009771987,52.8706624605678,55.8744394618834,54.1255605381166,28.6777583187391,27.0313901345291,29.2676056338028,27.5068493150685,25.5212355212355,25.8139534883721
"23",63,"Smith, J.R.","DEN",405.5167,794,783,951,851,119.7733,108.6845,11.0888,135,143,272,271,0.3325,0.6554,314.4833,596,604,682,635,114.4295,105.1325,9.2971,96,83,213,206,0.3179,0.7196,1.7917,0.0146,-0.0642,493.879708707745,53.2018209408194,49.605604566684,49.5765472312704,50.5993690851735,46.5919282511211,46.322869955157,35.4159369527145,33.6905829596413,33.3239436619718,29.4794520547945,33.5135135135135,32.5581395348837
"143",553,"Rondo, Rajon","BOS",577.15,1111,1113,1208,1164,108.7309,104.5822,4.1487,192,175,411,398,0.3254,0.7014,129.85,234,232,222,266,94.8718,114.6552,-19.7834,29,41,78,91,0.2417,0.6555,23.9321,0.0837,0.0459,492.408146368507,64.9013657056146,64.2241826673586,66.2866449511401,59.6845425867508,65.2914798206278,63.4080717488789,17.2898423817863,18.7982062780269,16.3380281690141,19.1232876712329,17.8764478764479,19.1860465116279
"63",166,"Allen, Ray","BOS",564.9833,1073,1064,1167,1137,108.7605,106.8609,1.8996,192,174,392,376,0.338,0.6926,142.0167,272,281,263,293,96.6912,104.2705,-7.5793,29,42,97,113,0.2042,0.6978,9.4789,0.1338,-0.0052,491.191807652311,63.0349013657056,62.9631551634665,66.2866449511401,59.4006309148265,62.7354260089686,60.4484304932735,18.9054290718039,19.8878923766816,16.3380281690141,19.3698630136986,20.0772200772201,21.7441860465116
"83",240,"Pierce, Paul","BOS",555.9833,1059,1059,1138,1117,107.4599,105.4769,1.983,180,159,390,389,0.3163,0.7104,151.0167,286,286,292,313,102.0979,109.4406,-7.3427,41,57,99,100,0.2908,0.6346,9.3257,0.0255,0.0758,490.051584270119,61.7147192716237,62.0290607161391,62.7687296416938,55.1419558359621,62.4663677130045,62.1973094170404,20.0481611208406,20.695067264574,19.3802816901408,23.0684931506849,20.3088803088803,20.2325581395349
"87",253,"Perkins, Kendrick","BOS",512.1,954,960,1008,997,105.6604,103.8542,1.8062,164,147,374,357,0.3148,0.7179,194.9,391,385,422,433,107.9284,112.4675,-4.5391,57,69,115,132,0.3016,0.625,6.3453,0.0132,0.0929,486.52916250578,55.7966616084977,56.4244940321744,58.0781758957655,51.7350157728707,60.3139013452915,57.8923766816144,25.1707530647986,25.5381165919283,23.4366197183099,26.027397260274,22.1621621621622,23.953488372093
"30",73,"Andersen, Chris","DEN",303.0833,583,586,705,614,120.9262,104.7782,16.1481,117,101,207,201,0.3679,0.6721,416.9167,807,801,928,872,114.9938,108.8639,6.1299,114,125,278,276,0.2923,0.6898,10.0182,0.0756,-0.0177,486.095884944453,42.0030349013657,38.5365853658537,44.299674267101,38.6750788643533,37.847533632287,36.9058295964126,45.1094570928196,43.2556053811659,37.887323943662,39.8356164383562,41.042471042471,40.6976744186046
"172",675,"Davis, Glen","BOS",509.5333,961,949,1051,993,109.3652,104.6365,4.7288,168,144,345,341,0.3301,0.7055,197.4667,384,396,379,437,98.6979,110.3535,-11.6556,53,72,144,148,0.2637,0.6667,16.3844,0.0664,0.0388,485.979165935149,57.7541729893778,56.2376751427089,59.2508143322476,50.8832807570978,56.4125560538117,55.7399103139013,23.476357267951,25.6995515695067,22.4225352112676,26.7671232876712,25.5212355212355,25.8139534883721
"78",212,"Jones, Dahntay","DEN",264.8167,500,503,554,522,110.8,103.7773,7.0227,75,75,176,168,0.3086,0.7012,455.1833,890,884,1079,964,121.236,109.0498,12.1862,156,151,309,309,0.3355,0.6717,-5.1635,-0.0269,0.0295,480.770607540569,35.1289833080425,34.2397509081474,31.9869706840391,31.2933753943218,33.6771300448431,32.4663677130045,51.0595446584939,46.9686098654709,48.5352112676056,46.2465753424658,44.6332046332046,44.5348837209302
"105",298,"Carter, Anthony","DEN",216.8167,417,426,489,462,117.2662,108.4507,8.8155,90,64,144,149,0.3766,0.6923,503.1833,973,961,1144,1024,117.5745,106.5557,11.0188,141,162,341,328,0.3006,0.6779,-2.2033,0.076,0.0144,479.230873099095,32.1699544764795,31.437467566165,36.3843648208469,28.1703470031546,29.372197309417,29.9103139013453,53.6208406304729,49.390134529148,44.7323943661972,48.958904109589,48.3397683397683,46.7441860465116
"164",640,"Kleiza, Linas","DEN",191.2,373,368,445,374,119.3029,101.6304,17.6725,71,59,140,132,0.3498,0.7035,528.8,1017,1019,1188,1112,116.8142,109.1266,7.6876,160,167,345,345,0.3168,0.6738,9.9849,0.033,0.0297,477.07833221609,30.1669195751138,27.3274519979242,30.814332247557,26.7507886435331,28.8340807174888,27.6233183856502,55.3546409807356,52.9417040358744,49.5492957746479,50.1917808219178,48.8030888030888,48.7209302325581
"90",260,"James, LeBron","CLE",579.8,1036,1035,1189,1067,114.7683,103.0918,11.6766,217,162,392,357,0.378,0.7076,97.2,168,172,177,180,105.3571,104.6512,0.706,23,34,71,53,0.3026,0.6762,10.9706,0.0754,0.0314,468.858604482404,64.0364188163885,59.6938245978204,73.6156351791531,55.993690851735,62.7354260089686,57.8923766816144,15.5166374781086,15.3273542600897,14.8169014084507,17.3972602739726,17.0656370656371,14.7674418604651
"82",239,"West, Delonte","CLE",590.6333,1052,1054,1201,1084,114.1635,102.8463,11.3172,199,160,397,356,0.3586,0.7127,86.3667,152,153,165,163,108.5526,106.5359,2.0167,41,36,66,54,0.4316,0.6471,9.3005,-0.073,0.0656,468.326993453919,64.5827010622155,60.4878048780488,68.3387622149837,55.4258675078864,63.4080717488789,57.7578475336323,15.0437828371278,14.6412556053812,19.3802816901408,17.8904109589041,16.4864864864865,14.8837209302326
"86",252,"Scalabrine, Brian","BOS",245.5667,451,454,493,500,109.3126,110.1322,-0.8195,71,83,157,157,0.3114,0.6542,461.4333,894,891,937,930,104.8098,104.3771,0.4327,150,133,332,332,0.3112,0.714,-1.2522,2e-04,-0.0598,466.44033384778,32.3520485584218,33.2122470160872,30.814332247557,33.5646687697161,31.1210762331839,30.9865470852018,45.4640980735552,45.5964125560538,47.0140845070423,41.8082191780822,47.2972972972973,47.2093023255814
"7",20,"House, Eddie","BOS",232.2667,465,438,480,487,103.2258,111.1872,-7.9614,54,70,145,171,0.24,0.6744,474.7333,880,907,950,943,107.9545,103.9691,3.9854,167,146,344,318,0.3443,0.702,-11.9468,-0.1043,-0.0276,465.150175788331,31.7602427921093,32.6050856253243,25.8306188925081,29.8738170347003,29.5067264573991,32.8699551569507,45.976357267951,46.1210762331839,51.3239436619718,45.013698630137,48.6872586872587,45.5813953488372
"21",55,"Williams, Mo","CLE",540.75,953,941,1106,973,116.0546,103.4006,12.6539,189,149,362,324,0.3684,0.7084,136.25,251,266,260,274,103.5857,103.0075,0.5781,51,47,101,86,0.3723,0.6824,12.0758,-0.0039,0.026,464.995734951525,60.257966616085,55.3035806953814,65.4071661237785,52.3028391167192,58.6995515695067,53.4529147982063,18.7872154115587,19.1210762331839,21.9154929577465,20.6027397260274,20.5405405405405,18.6046511627907
"64",168,"Petro, Johan","DEN",26.45,52,51,50,58,96.1538,113.7255,-17.5716,8,8,16,17,0.32,0.6667,693.55,1338,1336,1583,1428,118.3109,106.8862,11.4247,223,218,469,460,0.3265,0.6827,-28.9963,-0.0065,-0.016,463.837195011574,12.185128983308,12.5687597301505,12.3452768729642,12.2712933753943,12.152466367713,12.152466367713,70.9194395796848,65.695067264574,65.5211267605634,62.7671232876712,63.1660231660232,62.0930232558139
"31",75,"Hart, Jason","DEN",18.8667,37,36,27,39,72.973,108.3333,-35.3604,6,5,12,13,0.3158,0.7059,701.1333,1353,1351,1606,1447,118.6992,107.1058,11.5933,225,221,473,464,0.3266,0.6816,-46.9537,-0.0108,0.0243,463.236802792926,11.1380880121396,11.6813700051894,11.7589576547231,11.4195583596215,11.6143497757848,11.6143497757848,71.8257443082312,66.4618834080717,66.0281690140845,63.5068493150685,63.6293436293436,62.5581395348837
"156",597,"Balkman, Renaldo","DEN",20.15,41,39,39,29,95.122,74.359,20.763,6,2,16,11,0.3529,0.8889,699.85,1349,1348,1594,1457,118.1616,108.0861,10.0755,225,224,469,466,0.3256,0.6768,10.6875,0.0273,0.2121,463.173057601858,11.6843702579666,11.2143227815257,11.7589576547231,10.5678233438486,12.152466367713,11.3452914798206,71.3528896672504,66.8654708520179,66.0281690140845,64.2465753424657,63.1660231660232,62.7906976744186
"84",244,"Marbury, Stephon","BOS",166.0333,321,329,309,345,96.2617,104.8632,-8.6015,38,58,115,122,0.2375,0.6647,540.9667,1024,1016,1121,1085,109.4727,106.7913,2.6813,183,158,374,367,0.3327,0.703,-11.2828,-0.0952,-0.0383,460.665227078946,23.9757207890744,25.9730150492994,21.1400651465798,26.4668769716088,25.4708520179372,26.2780269058296,52.7145359019264,51.8520179372197,55.3802816901408,47.972602739726,52.1621621621622,51.2790697674419
"132",505,"Varejao, Anderson","CLE",420.0167,751,757,880,764,117.1771,100.9247,16.2524,150,111,293,258,0.3676,0.7252,256.9833,453,450,486,483,107.2848,107.3333,-0.0486,90,85,170,152,0.3719,0.6667,16.301,-0.0043,0.0585,456.827119285378,49.9696509863429,45.5422937208095,53.9739413680782,41.5141955835962,49.4170403587444,44.5739910313901,27.6926444833625,27.5560538116592,31.8028169014085,29.972602739726,28.5328185328185,26.2790697674419
"89",258,"Ilgauskas, Zydrunas","CLE",406.85,731,720,860,736,117.6471,102.2222,15.4248,138,115,281,245,0.3603,0.7096,270.15,473,487,506,511,106.9767,104.9281,2.0486,102,81,182,165,0.382,0.692,13.3762,-0.0217,0.0176,455.73909668766,49.0591805766313,44.2345614945511,50.4560260586319,42.6498422712934,47.8026905829596,42.8251121076233,28.4807355516637,28.6860986547085,34.8450704225352,28.986301369863,29.9227799227799,27.7906976744186
"122",411,"Moore, Mikki","BOS",65.7833,130,139,123,157,94.6154,112.9496,-18.3343,20,27,43,48,0.2941,0.6143,641.2167,1215,1206,1307,1273,107.572,105.5556,2.0165,201,189,446,441,0.3131,0.7024,-20.3508,-0.019,-0.0881,453.766300346623,15.5083459787557,17.1925272444214,15.8631921824104,17.6656151419558,15.7847533632287,16.3228699551569,60.0437828371278,59.4394618834081,59.943661971831,55.6164383561644,60.5019305019305,59.8837209302326
"131",501,"Allen, Tony","BOS",60.2667,107,129,99,151,92.5234,117.0543,-24.5309,15,25,44,45,0.25,0.6377,646.7333,1238,1216,1331,1279,107.5121,105.1809,2.3312,206,191,445,444,0.3169,0.6997,-26.8621,-0.0669,-0.062,453.272452995891,14.4157814871017,16.9122989102231,14.3973941368078,17.0977917981073,15.9192825112108,15.9192825112108,60.9894921190893,59.6816143497758,61.2112676056338,56.1095890410959,60.3861003861004,60.2325581395349
"142",552,"Powe, Leon","BOS",24.3667,50,50,38,54,76,108,-32,7,6,21,26,0.2121,0.7778,682.6333,1295,1295,1392,1376,107.4903,106.2548,1.2355,214,210,468,463,0.3161,0.6903,-33.2355,-0.104,0.0875,450.480308797165,11.638846737481,12.381940840685,12.0521172638436,11.7034700315457,12.8251121076233,13.3632286995516,63.3931698774081,63.5964125560538,63.2394366197183,60.7945205479452,63.0501930501931,62.4418604651163
"173",676,"Pruitt, Gabe","BOS",10.6667,22,21,18,25,81.8182,119.0476,-37.2294,2,6,4,8,0.2,0.4,696.3333,1323,1324,1412,1405,106.7271,106.1178,0.6093,219,210,485,481,0.3129,0.6978,-37.8387,-0.1129,-0.2978,449.329318728328,10.7283763277693,11.0275038920602,10.586319218241,11.7034700315457,10.5381165919283,10.9417040358744,64.1812609457093,64.7668161434977,64.5070422535211,60.7945205479452,65.019305019305,64.5348837209302
"192",752,"Walker, Bill","BOS",10.3,21,20,18,23,85.7143,115,-29.2857,2,6,4,7,0.2222,0.4,696.7,1324,1325,1412,1407,106.6465,106.1887,0.4578,219,210,485,482,0.3124,0.6978,-29.7435,-0.0902,-0.2978,449.29837669417,10.7283763277693,10.9340944473275,10.586319218241,11.7034700315457,10.5381165919283,10.8071748878924,64.1812609457093,64.847533632287,64.5070422535211,60.7945205479452,65.019305019305,64.6511627906977
"118",383,"Smith, Joe","CLE",217.5167,374,382,411,362,109.893,94.7644,15.1287,82,70,162,124,0.3981,0.6983,459.4833,830,825,955,885,115.0602,107.2727,7.7875,158,126,301,286,0.3559,0.7049,7.3412,0.0422,-0.0066,442.284950583716,28.6191198786039,26.7669953295278,34.0390879478827,29.8738170347003,31.7937219730942,26.5470852017937,46.1733800350263,43.780269058296,49.0422535211268,40.0821917808219,43.7065637065637,41.8604651162791
"148",561,"Gibson, Daniel","CLE",171.8833,307,316,343,326,111.7264,103.1646,8.5618,70,61,123,103,0.4046,0.6685,505.1167,897,891,1023,921,114.0468,103.367,10.6798,170,135,340,307,0.3564,0.7158,-2.118,0.0482,-0.0473,439.716202966058,25.5235204855842,25.0856253243383,30.5211726384365,27.3186119873817,26.5470852017937,23.7219730941704,48.8528896672504,45.2331838565022,52.0845070422535,42.3013698630137,48.2239382239382,44.3023255813954
"96",273,"Wallace, Ben","CLE",176.1,300,306,322,348,107.3333,113.7255,-6.3922,65,45,102,106,0.3801,0.6939,500.9,904,901,1044,899,115.4867,99.778,15.7087,175,151,361,304,0.3653,0.7051,-22.1009,0.0148,-0.0112,438.593813049273,24.5675265553869,26.1131292163985,29.0553745928339,22.7760252365931,23.7219730941704,24.1255605381166,49.6803852889667,44.3452914798206,53.3521126760563,46.2465753424658,50.6563706563707,43.953488372093
"103",288,"Szczerbiak, Wally","CLE",154.3667,276,276,291,326,105.4348,118.1159,-12.6812,55,49,104,96,0.3642,0.6797,522.6333,928,931,1075,921,115.8405,98.9259,16.9146,185,147,359,314,0.3707,0.7095,-29.5958,-0.0065,-0.0298,437.8723713311,23.1562974203338,25.0856253243383,26.1237785016287,23.9116719242902,23.9910313901345,22.780269058296,50.9019264448336,45.2331838565022,55.887323943662,45.2602739726027,50.4247104247104,45.1162790697674
"75",198,"Battier, Shane","HOU",495.7,901,902,942,967,104.5505,107.2062,-2.6557,144,156,339,317,0.3124,0.6848,128.3,242,238,247,241,102.0661,101.2605,0.8056,40,35,90,95,0.2963,0.72,-3.4613,0.0161,-0.0352,434.189620201678,52.7921092564492,55.0233523611832,52.214983713355,54.2902208201893,55.6053811659193,52.5112107623318,18.2749562171629,17.7892376681614,19.1267605633803,17.6438356164384,19.2664092664093,19.6511627906977
"58",145,"Artest, Ron","HOU",488.0167,880,877,924,931,105,106.1574,-1.1574,141,149,330,318,0.3072,0.6889,135.9833,263,263,265,277,100.7605,105.3232,-4.5627,43,42,99,94,0.3139,0.7021,3.4053,-0.0067,-0.0132,433.320712622983,51.9726858877086,53.3419823559938,51.3355048859935,52.3028391167192,54.3946188340807,52.6457399103139,18.984238178634,19.2421524663677,19.887323943662,19.3698630136986,20.3088803088803,19.5348837209302
"92",265,"Pavlovic, Sasha","CLE",91.35,172,178,165,168,95.9302,94.382,1.5482,25,37,71,63,0.2841,0.6574,585.65,1032,1029,1201,1079,116.376,104.8591,11.5169,215,159,392,347,0.3826,0.7114,-9.9687,-0.0985,-0.054,433.242205894279,17.4203338391502,17.7062791904515,17.328990228013,20.5047318611987,19.5515695067265,18.3408071748879,55.8669001751314,51.609865470852,63.4929577464789,48.2191780821918,54.2471042471042,48.953488372093
"169",666,"Brooks, Aaron","HOU",443.6833,816,809,854,881,104.6569,108.8999,-4.243,131,140,303,288,0.3126,0.684,180.3167,327,331,335,327,102.4465,98.7915,3.6549,53,51,126,124,0.2994,0.7119,-7.8979,0.0132,-0.0279,430.790298026191,48.7860394537178,51.0067462376751,48.4039087947883,49.7476340694006,50.762331838565,48.609865470852,21.7425569176883,21.2600896860987,22.4225352112676,21.5890410958904,23.4362934362934,23.0232558139535
"171",674,"Scola, Luis","HOU",424.4333,773,768,822,824,106.3389,107.2917,-0.9527,120,127,290,276,0.303,0.6954,199.5667,370,372,367,384,99.1892,103.2258,-4.0366,64,64,139,136,0.32,0.6847,3.0839,-0.017,0.0107,428.849286390073,47.3292867981791,48.3445770627919,45.1791530944625,46.0567823343849,49.0134529147982,46.9955156950673,23.0035026269702,23.5605381165919,25.2112676056338,24.7945205479452,24.9420849420849,24.4186046511628
"194",757,"Jackson, Darnell","CLE",25.0333,47,47,43,58,91.4894,123.4043,-31.9149,6,14,19,13,0.3158,0.5758,651.9667,1157,1160,1323,1189,114.3475,102.5,11.8475,234,182,444,397,0.3708,0.7093,-43.7624,-0.055,-0.1335,428.300914009765,11.866464339909,12.5687597301505,11.7589576547231,13.9747634069401,12.5560538116592,11.6143497757848,60.6742556917688,56.0493273542601,68.3098591549296,53.8904109589041,60.2702702702703,54.7674418604651
"153",580,"Kinsey, Tarence","CLE",10.7,21,23,19,23,90.4762,100,-9.5238,4,7,9,5,0.4444,0.5625,666.3,1183,1184,1347,1224,113.8631,103.3784,10.4847,236,189,454,405,0.3682,0.7061,-20.0085,0.0762,-0.1436,427.258327352895,10.7738998482549,10.9340944473275,11.1726384364821,11.98738170347,11.2107623318386,10.5381165919283,61.6199649737303,57.4618834080717,68.8169014084507,55.6164383561644,61.4285714285714,55.6976744186046
"106",302,"Ming, Yao","HOU",322.75,582,573,611,612,104.9828,106.8063,-1.8235,97,92,222,198,0.3288,0.707,301.25,561,567,578,596,103.0303,105.1146,-2.0843,87,99,207,214,0.289,0.6765,0.2608,0.0398,0.0305,421.29934009578,37.7238239757208,38.4431759211209,38.4364820846906,36.1198738170347,39.8654708520179,36.5022421524664,31.3178633975482,32.1165919282511,31.0422535211268,33.4246575342466,32.8185328185328,33.4883720930233
"152",579,"Lowry, Kyle","HOU",253.4833,479,482,491,508,102.5052,105.3942,-2.889,78,82,181,178,0.3047,0.6882,370.5167,664,658,698,700,105.1205,106.383,-1.2625,106,109,248,234,0.3118,0.6947,-1.6265,-0.0071,-0.0065,417.646925996308,32.2610015174507,33.5858847950182,32.8664495114007,33.2807570977918,34.3497757847534,33.8116591928251,36.0464098073555,36.3139013452915,35.8591549295775,35.8904109589041,37.5675675675676,35.8139534883721
"170",667,"Landry, Carl","HOU",239.7167,441,439,466,448,105.6689,102.0501,3.6188,66,71,169,155,0.2986,0.7042,384.2833,702,701,723,760,102.9915,108.4165,-5.4251,118,120,260,257,0.3147,0.6842,9.0439,-0.0161,0.02,415.582691544117,31.1229135053111,30.7836014530358,29.3485342019544,30.1577287066246,32.7354260089686,30.7174887892377,37.031523642732,38.7354260089686,38.9014084507042,38.6027397260274,38.957528957529,38.4883720930233
"127",454,"Wafer, Von","HOU",180.7,343,343,334,353,97.3761,102.9155,-5.5394,53,52,128,134,0.2834,0.7111,443.3,800,797,855,855,106.875,107.2773,-0.4023,131,139,301,278,0.3203,0.6841,-5.1371,-0.0369,0.027,411.797517492363,25.113808801214,26.3466528282304,25.5374592833876,24.7634069400631,27.219730941704,27.8923766816144,42.2329246935201,42.5695067264574,42.1971830985916,43.2876712328767,43.7065637065637,40.9302325581395
"133",508,"Hayes, Chuck","HOU",173.3167,310,314,318,315,102.5806,100.3185,2.2622,56,55,119,122,0.3146,0.6839,450.6833,833,826,871,893,104.5618,108.1114,-3.5496,128,136,310,290,0.3062,0.6951,5.8118,0.0084,-0.0112,411.30209906382,24.3854324734446,24.5718733783083,26.4169381107492,25.615141955836,26.0089686098655,26.2780269058296,42.8633975481611,44.1031390134529,41.4366197183099,42.5479452054795,44.7490347490347,42.3255813953488
"15",33,"Barry, Brent","HOU",35,69,71,66,76,95.6522,107.0423,-11.3901,11,11,24,29,0.275,0.6857,589,1074,1069,1123,1132,104.5624,105.8934,-1.331,173,180,405,383,0.3112,0.6923,-10.0591,-0.0362,-0.0066,401.343235096031,12.9135053110774,13.4094447327452,13.2247557003257,13.1230283911672,13.2286995515695,13.7668161434978,52.7933450087566,53.7488789237668,52.8450704225352,53.3972602739726,55.7528957528957,53.1395348837209
"71",191,"Cook, Brian","HOU",32,63,63,54,71,85.7143,112.6984,-26.9841,14,12,18,26,0.35,0.6,592,1080,1077,1135,1137,105.0926,105.571,-0.4784,170,179,411,386,0.3058,0.6966,-26.5057,0.0442,-0.0966,401.227384950308,12.3672230652504,13.1759211209133,14.1042345276873,13.4069400630915,12.4215246636771,13.3632286995516,53.2661996497373,53.9506726457399,52.0845070422535,53.1506849315068,56.4478764478765,53.4883720930233
"109",312,"Mutombo, Dikembe","HOU",19.7167,33,36,38,30,115.1515,83.3333,31.8182,4,4,17,8,0.3333,0.8095,604.2833,1110,1104,1151,1178,103.6937,106.7029,-3.0092,180,187,412,404,0.3082,0.6878,34.8274,0.0251,0.1217,399.827020481055,11.638846737481,11.2610275038921,11.1726384364821,11.1356466876972,12.2869955156951,10.9417040358744,53.8966725043783,55.6053811659193,54.6197183098592,55.1232876712329,56.5637065637066,55.5813953488372
"166",654,"White, James","HOU",11.4833,25,23,25,24,100,104.3478,-4.3478,5,4,5,11,0.3125,0.5556,612.5167,1118,1117,1164,1184,104.1145,105.9982,-1.8837,179,187,424,401,0.3086,0.6939,-2.4641,0.0039,-0.1383,399.579398372488,11.0470409711684,10.9807991696938,11.4657980456026,11.1356466876972,10.6726457399103,11.3452914798206,54.4089316987741,55.847533632287,54.3661971830986,55.1232876712329,57.953667953668,55.2325581395349
"35",86,"Johnson, Joe","ATL",428.8667,742,737,743,792,100.1348,107.4627,-7.3279,132,155,244,297,0.3077,0.6115,99.1333,176,177,181,210,102.8409,118.6441,-15.8032,38,19,52,66,0.3654,0.7324,8.4753,-0.0577,-0.1209,381.606727452223,43.7329286798179,46.850025947068,48.6970684039088,54.006309148265,42.8251121076233,49.8206278026906,15.6742556917688,16.5381165919283,18.6197183098592,13.6986301369863,14.8648648648649,16.2790697674419
"38",94,"Smith, Josh","ATL",410.5,711,708,713,765,100.2813,108.0508,-7.7696,126,142,237,280,0.3103,0.6253,117.5,207,206,211,237,101.9324,115.0485,-13.1162,44,32,59,83,0.3465,0.6484,5.3466,-0.0362,-0.0231,380.087469303037,42.3672230652504,45.5889984431759,46.9381107491857,50.3154574132492,41.8834080717489,47.5336322869955,16.8563922942207,17.627802690583,20.1408450704225,16.9041095890411,15.6756756756757,18.2558139534884
"26",68,"Bibby, Mike","ATL",389.8,679,678,705,750,103.8292,110.6195,-6.7903,119,127,216,260,0.314,0.6297,138.2,239,236,219,252,91.6318,106.7797,-15.1479,51,47,80,103,0.3312,0.6299,8.3576,-0.0172,-2e-04,378.348132339015,42.0030349013657,44.8884276076803,44.885993485342,46.0567823343849,39.0582959641256,44.8430493273543,17.1716287215412,18.2331838565022,21.9154929577465,20.6027397260274,18.1081081081081,20.5813953488372
"66",174,"Murray, Ronald (Flip)","ATL",340.6167,584,585,599,642,102.5685,109.7436,-7.1751,117,109,190,230,0.3372,0.6355,187.3833,334,329,325,360,97.3054,109.4225,-12.1171,53,65,106,133,0.2849,0.6199,4.942,0.0523,0.0156,375.229148131228,37.1775417298938,39.8443175921121,44.299674267101,40.9463722397476,35.5605381165919,40.8071748878924,21.3485113835377,22.5919282511211,22.4225352112676,25.041095890411,21.1196911196911,24.0697674418605
"36",88,"Pachulia, Zaza","ATL",260.1833,442,438,462,479,104.5249,109.3607,-4.8358,93,100,146,171,0.3523,0.5935,267.8167,476,476,462,523,97.0588,109.8739,-12.8151,77,74,150,192,0.2862,0.6696,7.9793,0.0661,-0.0761,370.169592662056,30.9408194233687,32.2314478463934,37.2638436482085,38.391167192429,29.6412556053812,32.8699551569507,26.7469352014011,29.1704035874439,28.5070422535211,27.2602739726027,26.2162162162162,30.9302325581395
"99",276,"Evans, Maurice","ATL",265.1333,445,450,441,515,99.1011,114.4444,-15.3433,77,90,144,182,0.2973,0.6154,262.8667,473,464,483,487,102.1142,104.9569,-2.8427,93,84,152,181,0.3394,0.6441,-12.5006,-0.0421,-0.0287,369.425323344271,29.9848254931715,33.9128178515828,32.5732899022801,35.5520504731861,29.372197309417,34.3497757847534,27.5744308231173,27.7174887892377,32.5633802816901,29.7260273972603,26.4478764478764,29.6511627906977
"181",695,"Horford, Al","ATL",252.05,440,441,441,491,100.2273,111.3379,-11.1106,62,79,140,177,0.2594,0.6393,275.95,478,473,483,511,101.046,108.0338,-6.9878,108,95,156,186,0.3673,0.6215,-4.1228,-0.1079,0.0178,368.101696493824,29.9848254931715,32.7919045147898,28.1758957654723,32.4290220820189,28.8340807174888,33.6771300448431,27.5744308231173,28.6860986547085,36.3661971830986,32.4383561643836,26.9111969111969,30.2325581395349
"4",5,"Nowitzki, Dirk","DAL",393.8667,752,744,855,833,113.6968,111.9624,1.7344,112,109,276,249,0.3102,0.7169,86.1333,151,161,161,192,106.6225,119.2547,-12.6321,29,27,55,56,0.3412,0.6707,14.3665,-0.031,0.0462,364.905723686281,48.8315629742033,48.7649195640893,42.8338762214984,40.9463722397476,47.1300448430493,43.3632286995516,14.8861646234676,15.8116591928251,16.3380281690141,15.6712328767123,15.2123552123552,15.1162790697674
"80",222,"Kidd, Jason","DAL",386.35,736,741,833,834,113.1793,112.5506,0.6287,111,106,275,239,0.3171,0.7218,93.65,167,164,183,191,109.5808,116.4634,-6.8826,30,30,56,66,0.3125,0.6512,7.5113,0.0046,0.0706,364.424605103668,47.8300455235205,48.8116242864556,42.5407166123778,40.0946372239748,46.9955156950673,42.0179372197309,15.7530647985989,15.7713004484305,16.5915492957746,16.4109589041096,15.3281853281853,16.2790697674419
"5",6,"Terry, Jason","DAL",325.4833,616,615,676,727,109.7403,118.2114,-8.4711,101,97,217,213,0.3217,0.6911,154.5167,287,290,340,298,118.4669,102.7586,15.7083,40,39,114,92,0.303,0.7451,-24.1794,0.0187,-0.054,360.493449943499,40.6828528072838,43.8142189932538,39.6091205211726,37.5394321766561,39.1928251121076,38.5201793721973,21.9395796847636,20.0896860986547,19.1267605633803,18.6301369863014,22.046332046332,19.3023255813953
"40",97,"Williams, Marvin","ATL",97.3,179,171,165,181,92.1788,105.848,-13.6692,27,36,57,72,0.2727,0.6129,430.7,739,743,759,821,102.7064,110.498,-7.7916,143,138,239,291,0.3295,0.634,-5.8776,-0.0568,-0.0211,357.984521480654,17.4203338391502,18.3134405812143,17.9153094462541,20.2208201892744,17.6681614349776,19.5515695067265,38.4500875656743,41.1973094170404,45.2394366197183,43.041095890411,36.5250965250965,42.4418604651163
"1",1,"Howard, Josh","DAL",294.7167,566,567,638,612,112.7208,107.9365,4.7843,89,78,214,187,0.3225,0.7329,185.2833,337,338,378,413,112.1662,122.1893,-10.0232,52,58,117,118,0.3059,0.6686,14.8075,0.0166,0.0643,357.815490549999,38.9529590288316,38.4431759211209,36.0912052117264,32.1451104100946,38.7892376681614,35.0224215246637,23.4369527145359,24.7309417040359,22.169014084507,23.3150684931507,22.3938223938224,22.3255813953488
"141",550,"Jones, Solomon","ATL",77.2,142,138,130,162,91.5493,117.3913,-25.842,37,13,41,57,0.3936,0.7593,450.8,776,776,794,840,102.3196,108.2474,-5.9278,133,161,255,306,0.303,0.613,-19.9142,0.0906,0.1463,356.614497610125,15.8270106221548,17.4260508562532,20.8469055374593,13.6908517350158,15.5156950672646,17.5336322869955,39.8292469352014,41.9641255605381,42.7042253521127,48.7123287671233,38.3783783783784,44.1860465116279
"3",3,"Dampier, Erick","DAL",254.7833,467,470,550,534,117.773,113.617,4.156,78,73,169,143,0.3529,0.6983,225.2167,436,435,466,491,106.8807,112.8736,-5.9928,63,63,162,162,0.28,0.72,10.1488,0.0729,-0.0217,354.514870324463,34.9468892261002,34.8002075765438,32.8664495114007,30.7255520504732,32.7354260089686,29.1031390134529,26.9045534150613,27.8789237668161,24.9577464788732,24.5479452054795,27.6061776061776,27.4418604651163
"183",697,"West, Mario","ATL",46.2833,87,87,76,104,87.3563,119.5402,-32.1839,27,6,22,34,0.4426,0.7857,481.7167,831,827,848,898,102.0457,108.5852,-6.5395,143,168,274,329,0.303,0.6199,-25.6444,0.1396,0.1658,354.483234126322,13.3687405159332,14.7171769590036,17.9153094462541,11.7034700315457,12.9596412556054,14.4394618834081,41.9570928196147,44.304932735426,45.2394366197183,50.4383561643836,40.5791505791506,46.8604651162791
"182",696,"Law, Acie","ATL",27.8167,53,53,50,56,94.3396,105.6604,-11.3208,12,4,14,22,0.3529,0.7778,500.1833,865,861,874,946,101.0405,109.8722,-8.8318,158,170,282,341,0.3166,0.6239,-2.489,0.0363,0.1539,352.981690949737,12.185128983308,12.4753502854177,13.5179153094463,11.1356466876972,11.8834080717489,12.8251121076233,42.9816112084063,46.2421524663677,49.0422535211268,50.9315068493151,41.5057915057915,48.2558139534884
"176",684,"Gardner, Thomas","ATL",18.75,37,36,44,30,118.9189,83.3333,35.5856,7,2,12,16,0.3043,0.8571,509.25,881,878,880,972,99.8865,110.7062,-10.8197,163,172,284,347,0.3196,0.6228,46.4053,-0.0153,0.2343,352.36021811574,11.9119878603945,11.2610275038921,12.0521172638436,10.5678233438486,11.6143497757848,12.0179372197309,43.2180385288967,47.2914798206278,50.3098591549296,51.4246575342466,41.7374517374517,48.953488372093
"191",747,"Hunter, Othello","ATL",13.7667,28,28,35,24,125,85.7143,39.2857,6,4,10,12,0.3333,0.7143,514.2333,890,886,889,978,99.8876,110.3837,-10.4961,164,170,286,351,0.3184,0.6272,49.7818,0.0149,0.0871,352.191707343669,11.5022761760243,10.9807991696938,11.7589576547231,11.1356466876972,11.3452914798206,11.4798206278027,43.5726795096322,47.5336322869955,50.5633802816901,50.9315068493151,41.969111969112,49.4186046511628
"149",563,"Barea, Jose","DAL",221.3,404,402,487,454,120.5446,112.9353,7.6092,54,64,148,138,0.2813,0.6981,258.7,499,503,529,571,106.012,113.5189,-7.5069,87,72,183,167,0.3425,0.7176,15.1161,-0.0612,-0.0195,351.85041655325,32.0789074355083,31.063829787234,25.8306188925081,28.1703470031546,29.9103139013453,28.4304932735426,29.3870402802102,31.1076233183857,31.0422535211268,26.7671232876712,30.03861003861,28.0232558139535
"167",655,"Morris, Randolph","ATL",8.4,15,14,8,14,53.3333,100,-46.6667,4,3,3,4,0.5,0.5,519.6,903,900,916,988,101.4396,109.7778,-8.3381,166,171,293,359,0.3162,0.6315,-38.3286,0.1838,-0.1315,351.569528308089,10.2731411229135,10.5137519460301,11.1726384364821,10.8517350157729,10.4035874439462,10.4035874439462,44.6366024518389,47.9372197309417,51.0704225352113,51.1780821917808,42.7799227799228,50.3488372093023
"29",72,"Claxton, Speedy","ATL",3.3333,6,6,8,5,133.3333,83.3333,50,4,0,4,1,0.8,1,524.6667,912,908,916,997,100.4386,109.8018,-9.3632,166,174,292,362,0.3144,0.6266,59.3632,0.4856,0.3734,351.364354315475,10.2731411229135,10.0934094447327,11.1726384364821,10,10.5381165919283,10,44.6366024518389,48.3004484304933,51.0704225352113,51.9178082191781,42.6640926640927,50.6976744186046
"33",83,"Bass, Brandon","DAL",191.8,360,364,419,406,116.3889,111.5385,4.8504,55,49,132,127,0.3022,0.7293,288.2,543,541,597,619,109.9448,114.4177,-4.473,86,87,199,178,0.3258,0.6958,9.3234,-0.0236,0.0335,350.109378015501,28.9833080424886,28.8220031136482,26.1237785016287,23.9116719242902,27.7578475336323,26.9506726457399,32.0665499124343,33.0448430493274,30.7887323943662,30.4657534246575,31.8918918918919,29.3023255813953
"126",444,"Wright, Antoine","DAL",166.7833,307,310,337,363,109.772,117.0968,-7.3248,51,49,111,107,0.3228,0.6938,313.2167,596,595,679,662,113.9262,111.2605,2.6657,90,87,220,198,0.3125,0.7166,-9.9905,0.0103,-0.0228,348.418510494009,25.2503793626707,26.8137000518941,24.9511400651466,23.9116719242902,24.932735426009,24.2600896860987,35.2977232924693,34.780269058296,31.8028169014085,30.4657534246575,34.3243243243243,31.6279069767442
"145",557,"Hollins, Ryan","DAL",83.7667,160,160,153,181,95.625,113.125,-17.5,25,29,67,61,0.2907,0.6979,396.2333,743,745,863,844,116.1507,113.2886,2.8621,116,107,264,244,0.3222,0.7116,-20.3621,-0.0315,-0.0137,342.698064419086,16.8740515933232,18.3134405812143,17.328990228013,18.2334384858044,19.0134529147982,18.0717488789238,42.5481611208406,42.1255605381166,38.3943661971831,35.3972602739726,39.4208494208494,36.9767441860465
"67",178,"Singleton, James","DAL",41.4667,76,80,70,108,92.1053,135,-42.8947,14,15,21,29,0.3256,0.5833,438.5333,827,825,946,917,114.3894,111.1515,3.2378,127,121,310,276,0.3151,0.7193,-46.1325,0.0105,-0.136,339.324043860058,13.0955993930197,14.9039958484691,14.1042345276873,14.2586750788644,12.8251121076233,13.7668161434978,45.8187390542907,45.0717488789238,41.1830985915493,38.8493150684932,44.7490347490347,40.6976744186046
"135",514,"Green, Gerald","DAL",26.05,48,47,41,47,85.4167,100,-14.5833,11,9,18,22,0.3333,0.6667,453.95,855,858,975,978,114.0351,113.986,0.0491,130,127,313,283,0.3148,0.7114,-14.6324,0.0185,-0.0447,338.232708090947,11.7754172989378,12.0550077841204,13.2247557003257,12.5552050473186,12.4215246636771,12.8251121076233,46.9614711033275,47.5336322869955,41.943661971831,40.3287671232877,45.0965250965251,41.5116279069767
"49",128,"Carroll, Matt","DAL",13.6333,23,25,21,26,91.3043,104,-12.6957,4,2,7,10,0.2857,0.7778,466.3667,880,880,995,999,113.0682,113.5227,-0.4545,137,134,324,295,0.3171,0.7074,-12.2412,-0.0314,0.0704,337.013549237153,10.8649468892261,11.0742086144266,11.1726384364821,10.5678233438486,10.9417040358744,11.2107623318386,47.7495621716287,48.3811659192825,43.7183098591549,42.0547945205479,46.3706563706564,42.906976744186
"193",755,"Rose, Derrick","CHI",314.1333,606,607,641,674,105.7756,111.0379,-5.2623,97,107,224,211,0.3149,0.6767,56.8667,109,107,117,114,107.3394,106.5421,0.7974,21,17,40,38,0.3559,0.7018,-6.0597,-0.041,-0.0251,317.45861880202,39.0895295902883,41.338868707836,38.4364820846906,40.3785488958991,40.1345291479821,38.2511210762332,13.1523642732049,12.6636771300448,14.3098591549296,13.2054794520548,13.4749034749035,13.0232558139535
"22",59,"Salmons, John","CHI",312.75,600,599,627,682,104.5,113.8564,-9.3564,97,108,215,213,0.3129,0.6656,58.25,115,115,131,106,113.913,92.1739,21.7391,21,16,49,36,0.3684,0.7538,-31.0955,-0.0555,-0.0882,317.329266283327,38.4522003034901,41.712506486767,38.4364820846906,40.6624605678233,38.9237668161435,38.5201793721973,13.7040280210158,12.3408071748879,14.3098591549296,12.958904109589,14.5173745173745,12.7906976744186
"47",119,"Gordon, Ben","CHI",304.15,592,583,629,645,106.25,110.6346,-4.3846,94,107,216,208,0.3113,0.6687,66.85,123,131,129,143,104.878,109.1603,-4.2823,24,17,48,41,0.3692,0.7385,-0.1023,-0.0579,-0.0698,316.877899897054,38.5432473444613,39.9844317592112,37.557003257329,40.3785488958991,39.0582959641256,37.847533632287,13.6252189141856,13.8340807174888,15.0704225352113,13.2054794520548,14.4015444015444,13.3720930232558
"178",686,"Noah, Joakim","CHI",271.0833,508,528,525,597,103.3465,113.0682,-9.7217,83,102,192,189,0.3051,0.6531,99.9167,207,186,233,191,112.5604,102.6882,9.8722,35,22,72,60,0.3684,0.766,-19.5939,-0.0633,-0.1129,314.518687168098,33.8088012139605,37.7426050856253,34.3322475570033,38.9589905362776,35.8295964125561,35.2914798206278,17.723292469352,15.7713004484305,17.8591549295775,14.4383561643836,17.1814671814672,15.5813953488372
"44",110,"Hinrich, Kirk","CHI",210.3667,410,413,437,449,106.5854,108.7167,-2.1313,71,65,153,140,0.3365,0.7018,160.6333,305,301,321,339,105.2459,112.6246,-7.3787,47,59,111,109,0.3013,0.6529,5.2474,0.0352,0.0489,309.560391261345,29.8027314112291,30.8303061754022,30.814332247557,28.4542586750789,30.5829596412556,28.6995515695067,21.1908931698774,21.7443946188341,20.9014084507042,23.5616438356164,21.6988416988417,21.2790697674419
"146",559,"Thomas, Tyrus","CHI",195.0333,365,376,378,436,103.5616,115.9574,-12.3958,68,60,135,114,0.3736,0.6923,175.9667,350,338,380,352,108.5714,104.142,4.4294,50,64,129,135,0.2703,0.6684,-16.8252,0.1033,0.0239,308.000192783864,27.1168437025797,30.2231447846393,29.9348534201954,27.0347003154574,28.1614349775785,25.2017937219731,23.515761821366,22.2690582959641,21.6619718309859,24.7945205479452,23.7837837837838,24.3023255813954
"24",65,"Miller, Brad","CHI",185.7833,372,341,399,348,107.2581,102.0528,5.2053,55,56,140,130,0.2973,0.7143,185.2167,343,373,359,440,104.6647,117.9625,-13.2977,63,68,124,119,0.3462,0.6458,18.503,-0.0489,0.0685,307.291095854511,28.0728376327769,26.1131292163985,26.1237785016287,25.8990536277603,28.8340807174888,27.3542600896861,22.6882661996497,25.8206278026906,24.9577464788732,25.7808219178082,23.2046332046332,22.4418604651163
"136",515,"Hunter, Lindsey","CHI",23.2667,48,51,57,45,118.75,88.2353,30.5147,8,5,19,18,0.3077,0.7917,347.7333,667,663,701,743,105.0975,112.0664,-6.9689,110,119,245,231,0.3226,0.6731,37.4836,-0.0149,0.1186,295.201824667224,12.5037936267071,11.9615983393876,12.3452768729642,11.4195583596215,12.5560538116592,12.2869955156951,36.1646234676007,38.0493273542601,36.8732394366197,38.3561643835616,37.2200772200772,35.4651162790698
"48",125,"Thomas, Tim","CHI",15.1167,28,29,27,30,96.4286,103.4483,-7.0197,3,7,10,12,0.2,0.5882,355.8833,687,685,731,758,106.4047,110.6569,-4.2523,115,117,254,237,0.3267,0.6846,-2.7674,-0.1267,-0.0964,294.521754473994,11.1380880121396,11.2610275038921,10.8794788273616,11.98738170347,11.3452914798206,11.4798206278027,37.3467600700525,38.6547085201794,38.1408450704225,37.8630136986301,38.2625482625483,36.1627906976744
"120",408,"Johnson, Linton","CHI",9.9,20,19,28,17,140,89.4737,50.5263,6,1,6,5,0.5455,0.8571,361.1,695,695,730,771,105.036,110.9353,-5.8993,112,123,258,244,0.3146,0.6772,56.4256,0.2309,0.1799,294.13772652165,11.1836115326252,10.6538661131292,11.7589576547231,10.2839116719243,10.8071748878924,10.5381165919283,37.3073555166375,39.1793721973094,37.3802816901408,39.3424657534247,38.7258687258687,36.9767441860465
"177",685,"Gray, Aaron","CHI",9.2167,18,16,29,12,161.1111,75,86.1111,5,1,7,4,0.5556,0.875,361.7833,697,698,729,776,104.5911,111.1748,-6.5837,113,123,257,245,0.3156,0.6763,92.6948,0.24,0.1987,294.072926070439,11.2291350531108,10.4203425012974,11.4657980456026,10.2839116719243,10.9417040358744,10.4035874439462,37.2679509632224,39.3811659192825,37.6338028169014,39.3424657534247,38.6100386100386,37.093023255814
"128",457,"Roberson, Anthony","CHI",4.2,8,8,13,5,162.5,62.5,100,3,1,3,1,0.75,0.75,366.8,707,706,745,783,105.3748,110.9065,-5.5317,115,123,261,248,0.3168,0.6797,105.5317,0.4332,0.0703,293.721777423537,10.5007587253414,10.0934094447327,10.8794788273616,10.2839116719243,10.4035874439462,10,37.8984238178634,39.6636771300448,38.1408450704225,39.3424657534247,39.0733590733591,37.4418604651163
"77",204,"Wade, Dwayne","MIA",285.2333,498,498,534,516,107.2289,103.6145,3.6145,79,89,197,170,0.3173,0.6888,50.7667,86,88,83,95,96.5116,107.9545,-11.4429,8,21,26,32,0.2,0.5532,15.0574,0.1173,0.1356,278.937650576729,34.2185128983308,33.9595225739491,33.1596091205212,35.2681388012618,36.5022421524664,32.7354260089686,11.8126094570928,11.8968609865471,11.0140845070423,14.1917808219178,11.8532818532819,12.3255813953488
"6",10,"Jones, James","MIA",235.1667,405,401,438,432,108.1481,107.7307,0.4175,57,71,153,136,0.2953,0.683,100.8333,179,185,179,179,100,96.7568,3.2432,30,39,70,66,0.3125,0.6422,-2.8257,-0.0172,0.0408,274.829806972176,29.8482549317147,30.0363258951738,26.7100977198697,30.1577287066246,30.5829596412556,28.1614349775785,15.5954465849387,15.2869955156951,16.5915492957746,18.6301369863014,16.9498069498069,16.2790697674419
"196",773,"Chalmers, Mario","MIA",230.8167,394,396,424,423,107.6142,106.8182,0.796,58,64,148,133,0.3037,0.6981,105.1833,190,190,193,188,101.5789,98.9474,2.6316,29,46,75,69,0.2959,0.6198,-1.8356,0.0078,0.0783,274.317066412189,29.2109256449165,29.6159833938765,27.0032573289902,28.1703470031546,29.9103139013453,27.7578475336323,16.1471103327496,15.6502242152466,16.3380281690141,20.3561643835616,17.5289575289575,16.6279069767442
"76",201,"Haslem, Udonis","MIA",203.7833,350,351,387,375,110.5714,106.8376,3.7338,49,60,133,114,0.3006,0.6891,132.2167,234,235,230,236,98.2906,100.4255,-2.1349,38,50,90,88,0.3016,0.6429,5.8687,-0.001,0.0462,272.652729060505,27.5265553869499,27.3741567202906,24.3648208469055,27.0347003154574,27.8923766816144,25.2017937219731,17.6050788091068,17.5874439461883,18.6197183098592,21.3424657534247,19.2664092664093,18.8372093023256
"195",772,"Beasley, Michael","MIA",178.3667,316,314,315,331,99.6835,105.414,-5.7305,52,61,119,117,0.3077,0.6611,157.6333,268,272,302,280,112.6866,102.9412,9.7454,35,49,104,85,0.2917,0.6797,-15.4759,0.016,-0.0186,271.882155961725,24.2488619119879,25.3191489361702,25.2442996742671,27.3186119873817,26.0089686098655,25.6053811659193,20.4422066549912,19.3632286995516,17.8591549295775,21.0958904109589,20.8880308880309,18.4883720930233
"185",701,"Cook, Daequan","MIA",160.8167,282,289,285,302,101.0638,104.4983,-3.4344,45,61,109,102,0.3061,0.6412,175.1833,302,297,332,309,109.9338,104.0404,5.8934,42,49,114,100,0.2958,0.6994,-9.3278,0.0103,-0.0582,270.77634271717,22.8831562974203,23.9647119875454,23.1921824104235,27.3186119873817,24.6636771300448,23.5874439461883,21.6243432574431,20.5336322869955,19.6338028169014,21.0958904109589,22.046332046332,20.2325581395349
"56",143,"O'Neal, Jermaine","MIA",161.75,284,279,307,292,108.0986,104.6595,3.4391,40,51,108,94,0.2985,0.6792,174.25,300,307,310,319,103.3333,103.9088,-0.5755,47,59,115,108,0.3032,0.6609,4.0146,-0.0047,0.0183,270.11124484875,23.8846737481032,23.4976647638817,21.7263843648208,24.4794952681388,24.5291479820628,22.5112107623318,20.7574430823117,20.9372197309417,20.9014084507042,23.5616438356164,22.1621621621622,21.1627906976744
"184",700,"Anthony, Joel","MIA",88.25,149,151,157,130,105.3691,86.0927,19.2764,19,31,63,56,0.2533,0.6702,247.75,435,435,460,481,105.7471,110.5747,-4.8276,68,79,160,146,0.3178,0.6695,24.104,-0.0645,7e-04,265.051257219024,17.0561456752656,15.9314997405293,15.5700325732899,18.801261829653,18.47533632287,17.3991031390135,26.6681260945709,27.47533632287,26.2253521126761,28.4931506849315,27.3745173745174,25.5813953488372
"18",51,"Magloire, Jamaal","MIA",47.4833,83,90,83,109,100,121.1111,-21.1111,17,18,28,30,0.3617,0.6087,288.5167,501,496,534,502,106.5868,101.2097,5.3771,70,92,195,172,0.2893,0.6794,-26.4882,0.0724,-0.0707,262.771570711819,13.6874051593323,14.9507005708355,14.9837133550489,15.1104100946372,13.7668161434978,13.9013452914798,29.5840630472855,28.3228699551569,26.7323943661972,31.6986301369863,31.4285714285714,28.6046511627907
"175",682,"Moon, Jamario","MIA",39.8,74,75,72,77,97.2973,102.6667,-5.3694,9,20,30,26,0.2571,0.6,296.2,510,511,545,534,106.8627,104.501,2.3618,78,90,193,176,0.3071,0.682,-7.7312,-0.05,-0.082,262.22315333043,13.1866464339909,13.4561494551116,12.6384364820847,15.6782334384858,14.0358744394619,13.3632286995516,30.0175131348511,29.6143497757848,28.7605633802817,31.2054794520548,31.1969111969112,29.0697674418605
"154",581,"Quinn, Chris","MIA",24.3167,42,42,44,33,104.7619,78.5714,26.1905,4,13,13,15,0.2105,0.5,311.6833,542,544,573,578,105.7196,106.25,-0.5304,83,97,210,187,0.3074,0.684,26.7209,-0.0969,-0.184,260.794418096745,11.9119878603945,11.4011416709912,11.1726384364821,13.6908517350158,11.7488789237668,11.8834080717489,31.1208406304729,31.390134529148,30.0281690140845,32.9315068493151,33.1660231660232,30.3488372093023
"150",565,"Diawara, Yakhouba","MIA",21.15,38,39,37,31,97.3684,79.4872,17.8812,4,10,13,15,0.2105,0.5652,314.85,546,547,580,580,106.2271,106.0329,0.1942,83,100,210,187,0.3074,0.6774,17.687,-0.0969,-0.1122,260.626884382932,11.5933232169954,11.3077322262584,11.1726384364821,12.8391167192429,11.7488789237668,11.8834080717489,31.3966725043783,31.4708520179372,30.0281690140845,33.6712328767123,33.1660231660232,30.3488372093023
"79",214,"Wright, Dorell","MIA",3.0667,5,5,2,4,40,80,-40,2,1,1,2,0.5,0.5,332.9333,579,581,615,607,106.2176,104.475,1.7426,85,109,222,200,0.2982,0.6707,-41.7426,0.2018,-0.1707,259.364435797767,10,10.0467047223664,10.586319218241,10.2839116719243,10.1345291479821,10.1345291479821,32.7758318739054,32.5605381165919,30.5352112676056,35.8904109589041,34.5559845559846,31.8604651162791
"19",52,"Iguodala, Andre","PHI",268.6333,496,495,494,527,99.5968,106.4646,-6.8679,70,80,179,183,0.2767,0.6911,19.3667,36,36,37,50,102.7778,138.8889,-36.1111,4,6,10,12,0.25,0.625,29.2432,0.0267,0.0661,259.243843586512,32.3975720789074,34.4732745199792,30.5211726384365,32.7129337539432,34.0807174887892,34.4843049327354,10,10.0807174887892,10,10.4931506849315,10,10
"14",31,"Miller, Andre","PHI",257.9333,474,474,472,529,99.5781,111.6034,-12.0253,66,82,169,170,0.2797,0.6733,30.0667,58,57,59,48,101.7241,84.2105,17.5136,8,4,20,25,0.2424,0.8333,-29.5389,0.0373,-0.16,258.613795658071,31.3960546282246,34.566683964712,29.3485342019544,33.2807570977918,32.7354260089686,32.7354260089686,10.8669001751313,10,11.0140845070423,10,11.1583011583012,11.5116279069767
"174",681,"Young, Thaddeus","PHI",229.15,419,423,414,456,98.8067,107.8014,-8.9947,55,72,152,158,0.2582,0.6786,58.85,113,108,117,121,103.5398,112.037,-8.4972,19,14,37,37,0.3393,0.7255,-0.4975,-0.0811,-0.0469,256.44936809034,28.7556904400607,31.1572392319668,26.1237785016287,30.4416403785489,30.4484304932735,31.1210762331839,13.1523642732049,12.9461883408072,13.8028169014085,12.4657534246575,13.1274131274131,12.906976744186
"101",281,"Williams, Louis","PHI",149.0833,283,275,286,285,101.0601,103.6364,-2.5763,43,44,103,101,0.2986,0.7007,138.9167,249,256,245,292,98.3936,114.0625,-15.6689,31,42,86,94,0.248,0.6719,13.0926,0.0506,0.0288,251.103392025306,22.9286798179059,23.1707317073171,22.6058631921824,22.4921135646688,23.8565022421525,23.4529147982063,18.1961471103327,19.847533632287,16.8450704225352,19.3698630136986,18.8030888030888,19.5348837209302
"139",541,"Green, Willie","PHI",147.4833,267,270,260,307,97.3783,113.7037,-16.3254,34,44,90,101,0.2519,0.6716,140.5167,265,261,271,270,102.2642,103.4483,-1.1841,40,42,99,94,0.2985,0.7021,-15.1413,-0.0466,-0.0305,250.484076637636,21.7450682852807,24.1982355993773,19.9674267100977,22.4921135646688,22.1076233183856,23.4529147982063,19.2206654991243,18.9596412556054,19.1267605633803,19.3698630136986,20.3088803088803,19.5348837209302
"160",607,"Aldridge, LaMarcus","POR",237.2667,415,416,432,450,104.0964,108.1731,-4.0767,50,65,151,160,0.2381,0.6991,50.7333,88,89,91,105,103.4091,117.9775,-14.5684,17,13,26,36,0.3208,0.6667,10.4917,-0.0827,0.0324,249.8556262848,29.5751138088012,30.8770108977686,24.6579804560261,28.4542586750789,30.3139013452915,31.390134529148,12.1278458844133,12.3004484304933,13.2957746478873,12.2191780821918,11.8532818532819,12.7906976744186
"116",355,"Blake, Steve","POR",230.5333,398,402,420,452,105.5276,112.4378,-6.9102,50,65,141,157,0.2415,0.6845,57.4667,105,103,103,103,98.0952,100,-1.9048,17,13,36,39,0.3036,0.7347,-5.0054,-0.0621,-0.0502,249.553150079734,29.0288315629742,30.9704203425013,24.6579804560261,28.4542586750789,28.9686098654709,30.9865470852018,12.600700525394,12.219730941704,13.2957746478873,12.2191780821918,13.011583011583,13.1395348837209
"159",606,"Roy, Brandon","POR",238.4333,415,416,439,456,105.7831,109.6154,-3.8323,48,59,147,159,0.2319,0.7136,49.5667,88,89,84,99,95.4545,111.236,-15.7814,19,19,30,37,0.3393,0.6122,11.9491,-0.1074,0.1014,249.540193773831,29.8937784522003,31.1572392319668,24.071661237785,26.7507886435331,29.7757847533632,31.2556053811659,11.8520140105079,12.0582959641256,13.8028169014085,13.6986301369863,12.3166023166023,12.906976744186
"129",458,"Dalembert, Samuel","PHI",133.35,242,242,237,280,97.9339,115.7025,-17.7686,34,31,88,91,0.272,0.7395,154.65,290,289,294,297,101.3793,102.7682,-1.3889,40,55,101,104,0.2778,0.6474,-16.3797,-0.0058,0.0921,249.466727860365,20.6980273141123,22.9372080954852,19.9674267100977,18.801261829653,21.8385650224215,22.1076233183856,20.1269702276708,20.0493273542601,19.1267605633803,22.5753424657534,20.5405405405405,20.6976744186046
"54",139,"Williams, Deron","UTA",210.7167,420,418,430,466,102.381,111.4833,-9.1023,84,57,142,150,0.359,0.7136,29.2833,51,53,57,67,111.7647,126.4151,-14.6504,9,14,15,18,0.3333,0.5172,5.5481,0.0257,0.1964,247.629799020064,29.48406676783,31.6242864556305,34.6254071661238,26.1829652996845,29.1031390134529,30.0448430493274,10.7880910683012,10.7668161434978,11.2676056338028,12.4657534246575,10.5791505791506,10.6976744186047
"104",297,"Ratliff, Theo","PHI",94.2,171,174,194,177,113.4503,101.7241,11.7262,21,37,59,53,0.2838,0.6146,193.8,361,357,337,400,93.3518,112.0448,-18.693,53,49,130,142,0.2718,0.7263,30.4192,0.012,-0.1117,247.022919346752,18.7405159332322,18.1266216917488,16.1563517915309,20.5047318611987,17.9372197309417,16.9955156950673,21.8213660245184,24.2062780269058,22.4225352112676,21.0958904109589,23.8996138996139,25.1162790697674
"115",354,"Outlaw, Travis","POR",170.3,308,309,320,336,103.8961,108.7379,-4.8418,43,49,109,115,0.2722,0.6899,117.7,195,196,203,219,104.1026,111.7347,-7.6321,24,29,68,81,0.2286,0.701,2.7903,0.0436,-0.0111,245.965396966226,24.4764795144158,25.5526725480021,22.6058631921824,23.9116719242902,24.6636771300448,25.3363228699552,16.5411558669002,16.9013452914798,15.0704225352113,16.1643835616438,16.7181467181467,18.0232558139535
"137",518,"Boozer, Carlos","UTA",185.5667,368,371,378,418,102.7174,112.6685,-9.9511,75,43,123,128,0.3695,0.741,54.4333,103,100,109,115,105.8252,115,-9.1748,18,28,34,40,0.3103,0.5484,-0.7763,0.0592,0.1926,245.370767504485,27.1168437025797,29.3824597820446,31.9869706840391,22.2082018927445,26.5470852017937,27.085201793722,12.8371278458844,12.7040358744395,13.5492957746479,15.9178082191781,12.7799227799228,13.2558139534884
"188",734,"Fernandez, Rudy","POR",162.1,296,300,296,318,100,106,-6,36,45,107,117,0.2353,0.7039,125.9,207,205,227,237,109.6618,115.6098,-5.9479,31,33,70,79,0.2818,0.6796,-0.0521,-0.0465,0.0243,245.276601550813,23.3839150227618,24.7119875454074,20.5537459283388,22.7760252365931,24.3946188340807,25.6053811659193,17.4868651488616,17.627802690583,16.8450704225352,17.1506849315069,16.9498069498069,17.7906976744186
"102",284,"Przybilla, Joel","POR",162.45,271,281,288,324,106.2731,115.3025,-9.0294,36,44,94,105,0.2553,0.6812,125.55,232,224,235,231,101.2931,103.125,-1.8319,31,34,83,91,0.2541,0.7094,-7.1975,0.0012,-0.0282,244.76630099607,23.0197268588771,24.9922158796056,20.5537459283388,22.4921135646688,22.6457399103139,23.9910313901345,17.8021015761821,17.3856502242152,16.8450704225352,17.3972602739726,18.4555984555985,19.1860465116279
"91",263,"Marshall, Donyell","PHI",50.2833,101,93,110,105,108.9109,112.9032,-3.9923,13,15,34,29,0.3095,0.6939,237.7167,431,438,421,472,97.6798,107.7626,-10.0827,61,71,155,166,0.2687,0.6858,6.0904,0.0408,0.0081,244.008030910944,14.9165402124431,14.76388168137,13.8110749185668,14.2586750788644,14.5739910313901,13.7668161434978,25.1313485113835,27.1121076233184,24.4507042253521,26.5205479452055,26.7953667953668,27.906976744186
"163",629,"Millsap, Paul","UTA",155.3667,304,305,312,345,102.6316,113.1148,-10.4832,68,56,100,105,0.3931,0.641,84.6333,167,166,175,188,104.7904,113.253,-8.4626,25,15,57,63,0.2841,0.7917,-2.0206,0.109,-0.1507,243.861732653902,24.1122913505311,25.9730150492994,29.9348534201954,25.8990536277603,23.4529147982063,23.9910313901345,15.4378283712785,15.6502242152466,15.3239436619718,12.7123287671233,15.4440154440154,15.9302325581395
"43",109,"Ivey, Royal","PHI",44.6167,84,86,81,81,96.4286,94.186,2.2425,13,6,31,37,0.26,0.8378,243.3833,448,445,450,496,100.4464,111.4607,-11.0142,61,80,158,158,0.2785,0.6639,13.2567,-0.0185,0.1739,243.432153958712,13.5963581183612,13.6429683445771,13.8110749185668,11.7034700315457,14.1704035874439,14.8430493273543,26.2740805604203,28.0807174887892,24.4507042253521,28.7397260273973,27.1428571428571,26.9767441860465
"62",163,"Evans, Reggie","PHI",36.15,69,68,57,67,82.6087,98.5294,-15.9207,11,7,27,31,0.2619,0.7941,251.85,463,463,474,510,102.3758,110.1512,-7.7754,63,79,162,164,0.2775,0.6722,-8.1453,-0.0156,0.1219,242.970217824258,12.5037936267071,12.9891022314478,13.2247557003257,11.98738170347,13.6322869955157,14.0358744394619,27.2197898423818,28.6457399103139,24.9577464788732,28.4931506849315,27.6061776061776,27.6744186046512
"198",789,"Speights, Marreese","PHI",29.1167,54,55,50,71,92.5926,129.0909,-36.4983,10,12,13,21,0.3226,0.52,258.8833,478,476,481,506,100.6276,106.3025,-5.6749,64,74,176,174,0.2689,0.704,-30.8234,0.0537,-0.184,242.65552489931,12.185128983308,13.1759211209133,12.9315960912052,13.4069400630915,11.7488789237668,12.6905829596413,27.4956217162872,28.4843049327354,25.2112676056338,27.2602739726027,29.2277992277992,28.8372093023256
"161",617,"Brewer, Ronnie","UTA",157.5333,306,309,323,340,105.5556,110.0324,-4.4768,52,38,101,105,0.3312,0.7266,82.4667,165,162,164,193,99.3939,119.1358,-19.7419,41,33,56,63,0.3942,0.6292,15.2651,-0.063,0.0974,242.609740785958,24.6130500758725,25.7394914374676,25.2442996742671,20.788643533123,23.5874439461883,23.9910313901345,15.0043782837128,15.8520179372197,19.3802816901408,17.1506849315069,15.3281853281853,15.9302325581395
"20",54,"Korver, Kyle","UTA",136.2167,268,265,284,297,105.9701,112.0755,-6.1053,53,38,94,100,0.3464,0.7121,103.7833,203,206,203,236,100,114.5631,-14.5631,40,33,63,68,0.3704,0.6563,8.4578,-0.024,0.0559,241.915718883646,22.8376327769348,23.7311883757135,25.5374592833876,20.788643533123,22.6457399103139,23.3183856502242,16.5411558669002,17.5874439461883,19.1267605633803,17.1506849315069,16.1389961389961,16.5116279069767
"51",136,"Kirilenko, Andrei","UTA",136.3167,269,269,271,316,100.7435,117.4721,-16.7286,55,43,82,95,0.3667,0.656,103.6833,202,202,216,217,106.9307,107.4257,-0.495,38,28,75,73,0.3423,0.7282,-16.2336,0.0244,-0.0722,241.907065728308,22.2458270106222,24.6185781006746,26.1237785016287,22.2082018927445,21.0313901345291,22.6457399103139,17.053415061296,16.8206278026906,18.6197183098592,15.9178082191781,17.5289575289575,17.093023255814
"168",661,"Oden, Greg","POR",95.7167,167,163,160,151,95.8084,92.638,3.1703,23,23,63,67,0.2556,0.7326,192.2833,336,342,363,404,108.0357,118.1287,-10.0929,44,55,114,129,0.2543,0.6746,13.2632,0.0013,0.058,240.312682863755,17.1927162367223,16.9122989102231,16.742671009772,16.5299684542587,18.47533632287,18.8789237668161,22.84588441331,24.3677130044843,20.1408450704225,22.5753424657534,22.046332046332,23.6046511627907
"190",736,"Batum, Nicolas","POR",63.0667,106,107,112,137,105.6604,128.0374,-22.377,14,19,34,43,0.2456,0.6415,224.9333,397,398,411,418,103.5264,105.0251,-1.4987,53,59,143,153,0.2573,0.7079,-20.8783,-0.0117,-0.0664,238.443763284134,15.0075872534143,16.2584327970939,14.1042345276873,15.3943217665615,14.5739910313901,15.6502242152466,24.7373029772329,24.932735426009,22.4225352112676,23.5616438356164,25.4054054054054,26.3953488372093
"117",362,"Frye, Channing","POR",35.9,61,60,65,79,106.5574,131.6667,-25.1093,13,9,14,26,0.3333,0.6087,252.1,442,445,458,476,103.6199,106.9663,-3.3464,54,69,163,170,0.2411,0.7026,-21.7629,0.0922,-0.0939,236.690871359825,12.8679817905918,13.5495588998443,13.8110749185668,12.5552050473186,11.8834080717489,13.3632286995516,26.5893169877408,27.2735426008969,22.6760563380282,26.027397260274,27.7220077220077,28.3720930232558
"158",605,"Rodriguez, Sergio","POR",27.3667,52,46,50,44,96.1538,95.6522,0.5017,12,6,16,21,0.3636,0.7273,260.6333,451,459,473,511,104.878,111.329,-6.4509,55,72,161,175,0.2391,0.691,6.9526,0.1245,0.0363,236.171477827251,12.185128983308,11.9148936170213,13.5179153094463,11.7034700315457,12.152466367713,12.6905829596413,27.1803852889667,28.6860986547085,22.9295774647887,26.7671232876712,27.4903474903475,28.953488372093
"123",426,"Miles, C.J.","UTA",58.4667,114,114,116,137,101.7544,120.1754,-18.4211,24,24,37,41,0.3692,0.6066,181.5333,357,357,371,396,103.9216,110.9244,-7.0028,69,47,120,127,0.352,0.7186,-11.4183,0.0172,-0.112,236.057551892135,15.1896813353566,16.2584327970939,17.0358306188925,16.813880126183,14.9775784753363,15.3811659192825,23.1611208406305,24.0448430493274,26.4788732394366,20.6027397260274,22.7413127413127,23.3720930232558
"53",138,"Harpring, Matt","UTA",48.5167,99,97,100,100,101.0101,103.0928,-2.0827,17,20,34,34,0.3333,0.6296,191.4833,372,374,387,433,104.0323,115.7754,-11.7431,76,51,123,134,0.3619,0.7069,9.6604,-0.0286,-0.0773,235.11418489574,14.4613050075873,14.5303580695381,14.9837133550489,15.6782334384858,14.5739910313901,14.4394618834081,23.7915936952715,25.5381165919283,28.2535211267606,21.5890410958904,23.0888030888031,24.1860465116279
"189",735,"Bayless, Jerryd","POR",11.4167,18,17,23,20,127.7778,117.6471,10.1307,6,4,6,6,0.5,0.6,276.5833,485,488,500,535,103.0928,109.6311,-6.5384,61,74,171,190,0.243,0.698,16.6691,0.257,-0.098,235.080717197209,10.9559939301973,10.7939802802283,11.7589576547231,11.1356466876972,10.8071748878924,10.6726457399103,28.2443082311734,29.6547085201794,24.4507042253521,27.2602739726027,28.6486486486486,30.6976744186047
"50",132,"Okur, Mehmet","UTA",43.4167,79,79,85,95,107.5949,120.2532,-12.6582,16,16,30,33,0.3265,0.6522,196.5833,392,392,402,438,102.551,111.7347,-9.1837,77,55,127,135,0.3632,0.6978,-3.4745,-0.0367,-0.0456,234.708640492807,13.7784522003035,14.2968344577063,14.6905537459283,14.5425867507886,14.0358744394619,14.304932735426,24.3826619964974,25.7399103139013,28.5070422535211,22.5753424657534,23.5521235521236,24.3023255813954
"112",329,"Ruffin, Michael","POR",5.45,8,8,10,8,125,100,25,4,2,3,4,0.5,0.6,282.55,495,497,513,547,103.6364,110.0604,-6.424,63,76,174,192,0.2471,0.696,31.424,0.2529,-0.096,234.67847201311,10.3641881638847,10.2335236118319,11.1726384364821,10.5678233438486,10.4035874439462,10.4035874439462,28.7565674255692,30.1390134529148,24.9577464788732,27.7534246575342,28.996138996139,30.9302325581395
"52",137,"Collins, Jarron","UTA",35.35,68,67,72,72,105.8824,107.4627,-1.5803,9,3,23,25,0.2647,0.8846,204.65,403,404,415,461,102.9777,114.1089,-11.1312,84,68,134,143,0.37,0.6634,9.5509,-0.1053,0.2212,233.443400917278,13.1866464339909,13.2226258432797,12.6384364820847,10.8517350157729,13.0941704035874,13.2286995515695,24.8949211908932,26.6681614349776,30.2816901408451,25.7808219178082,24.3629343629344,25.2325581395349
"28",70,"Paul, Chris","NOH",201.0667,379,378,365,460,96.3061,121.6931,-25.3871,49,55,124,141,0.2579,0.6927,38.9333,70,73,56,82,80,112.3288,-32.3288,11,12,25,29,0.275,0.6757,6.9417,-0.0171,0.017,232.947084302557,26.5250379362671,31.3440581214323,24.3648208469055,25.615141955836,26.6816143497758,28.8340807174888,10.7486865148862,11.372197309417,11.7746478873239,11.972602739726,11.7374517374517,11.9767441860465
"34",85,"Price, Ronnie","UTA",16.0333,30,31,40,37,133.3333,119.3548,13.9785,10,8,11,11,0.4762,0.5789,223.9667,441,440,447,496,101.3605,112.7273,-11.3667,83,63,146,157,0.3458,0.6986,25.3452,0.1304,-0.1197,232.771915390835,11.7298937784522,11.5879605604567,12.9315960912052,12.2712933753943,11.4798206278027,11.3452914798206,26.1558669001751,28.0807174887892,30.0281690140845,24.5479452054795,25.7528957528958,26.8604651162791
"45",114,"Knight, Brevin","UTA",16.5,30,30,24,42,80,140,-60,2,9,8,13,0.1333,0.4706,223.5,441,441,463,491,104.9887,111.3379,-6.3492,91,62,149,155,0.3699,0.7062,-53.6508,-0.2366,-0.2356,232.406373338118,11.0015174506829,11.8214841722885,10.586319218241,12.5552050473186,11.0762331838565,11.6143497757848,26.7863397548161,27.8789237668161,32.056338028169,24.3013698630137,26.1003861003861,26.6279069767442
"27",69,"West, David","NOH",178.4,330,331,328,413,99.3939,124.7734,-25.3795,40,48,109,116,0.2564,0.6943,61.6,119,120,93,129,78.1513,107.5,-29.3487,20,19,40,54,0.2703,0.678,3.9692,-0.0139,0.0163,231.067583471181,24.8406676783005,29.1489361702128,21.7263843648208,23.6277602523659,24.6636771300448,25.4708520179372,12.2066549912434,13.2690582959641,14.056338028169,13.6986301369863,13.4749034749035,14.8837209302326
"32",76,"Butler, Rasual","NOH",157.55,294,295,292,364,99.3197,123.3898,-24.0701,43,49,95,108,0.2848,0.6597,82.45,155,156,129,178,83.2258,114.1026,-30.8768,17,18,54,62,0.2152,0.75,6.8067,0.0696,-0.0903,230.28481243672,23.2018209408194,26.8604047742605,22.6058631921824,23.9116719242902,22.780269058296,24.3946188340807,13.6252189141856,15.2466367713004,13.2957746478873,13.4520547945205,15.0965250965251,15.8139534883721
"25",67,"Stojakovic, Peja","NOH",162.1167,303,298,269,373,88.7789,125.1678,-36.3889,43,48,89,118,0.2671,0.6496,77.8833,146,153,152,169,104.1096,110.4575,-6.3479,17,19,60,52,0.2464,0.7595,-30.041,0.0207,-0.1099,230.23416025562,22.154779969651,27.2807472755579,22.6058631921824,23.6277602523659,21.9730941704036,25.7399103139013,14.531523642732,14.8834080717489,13.2957746478873,13.6986301369863,15.7915057915058,14.6511627906977
"13",30,"Parker, Tony","SAS",181.3,336,331,354,371,105.3571,112.0846,-6.7274,44,43,116,125,0.2604,0.7296,58.7,97,101,98,111,101.0309,109.901,-8.8701,19,16,37,44,0.3016,0.6981,2.1427,-0.0412,0.0315,229.162180277642,26.0242792109256,27.1873378308251,22.8990228013029,22.2082018927445,25.6053811659193,26.6816143497758,12.4036777583187,12.542600896861,13.8028169014085,12.958904109589,13.1274131274131,13.7209302325581
"10",26,"Duncan, Tim","SAS",163.5667,296,295,321,345,108.4459,116.9492,-8.5032,47,50,96,113,0.2938,0.6575,76.4333,137,137,131,137,95.6204,100,-4.3796,16,9,57,56,0.2222,0.8636,-4.1236,0.0716,-0.2061,228.582547108724,24.5220030349014,25.9730150492994,23.7785016286645,24.1955835962145,22.914798206278,25.067264573991,13.7040280210158,13.5919282511211,13.0422535211268,11.2328767123288,15.4440154440154,15.1162790697674
"119",401,"Posey, James","NOH",122.5667,233,235,215,261,92.2747,111.0638,-18.7892,35,34,85,89,0.2823,0.7143,117.4333,216,216,206,281,95.3704,130.0926,-34.7222,25,33,64,81,0.2358,0.6598,15.933,0.0465,0.0545,227.749121632844,19.6965098634294,22.0498183705241,20.2605863192182,19.6529968454259,21.4349775784753,21.8385650224215,16.6593695271454,19.4035874439462,15.3239436619718,17.1506849315069,16.2548262548263,18.0232558139535
"12",29,"Finley, Michael","SAS",143.3333,262,260,265,298,101.145,114.6154,-13.4703,43,39,88,108,0.2848,0.6929,96.6667,171,172,187,184,109.3567,106.9767,2.38,20,20,65,61,0.2469,0.7647,-15.8503,0.0379,-0.0718,227.13152778633,21.9726858877086,23.7778930980799,22.6058631921824,21.0725552050473,21.8385650224215,24.3946188340807,15.9106830122592,15.4887892376682,14.056338028169,13.9452054794521,16.3706563706564,15.6976744186047
"11",28,"Bowen, Bruce","SAS",129.8167,234,238,255,250,108.9744,105.042,3.9323,35,28,87,82,0.2991,0.7565,110.1833,199,194,197,232,98.995,119.5876,-20.5927,28,31,66,87,0.2435,0.6804,24.525,0.0556,0.0761,225.544722624325,21.5174506828528,21.536066424494,20.2605863192182,17.9495268138801,21.7040358744395,20.8968609865471,16.3047285464098,17.4260089686099,16.0845070422535,16.6575342465753,16.4864864864865,18.7209302325581
"46",118,"Chandler, Tyson","NOH",93.55,171,171,157,220,91.8129,128.655,-36.8421,18,30,52,68,0.2093,0.6341,146.45,278,280,264,322,94.964,115,-20.036,42,37,97,102,0.2917,0.7239,-16.8061,-0.0824,-0.0898,225.310517224438,17.0561456752656,20.1349247535029,15.2768729641694,18.5173501577287,16.9955156950673,19.0134529147982,18.9448336252189,21.0582959641256,19.6338028169014,18.1369863013699,20.0772200772201,20.4651162790698
"121",410,"Marks, Sean","NOH",80.3667,151,155,153,165,101.3245,106.4516,-5.1271,23,23,60,60,0.2771,0.7229,159.6333,298,296,268,377,89.9329,127.3649,-37.432,37,44,89,110,0.2517,0.6692,32.3049,0.0254,0.0537,224.877442304798,16.8740515933232,17.5661650233524,16.742671009772,16.5299684542587,18.0717488789238,17.9372197309417,19.1024518388792,23.2780269058296,18.3661971830986,19.8630136986301,19.1505791505792,21.3953488372093
"162",622,"Mason, Roger","SAS",108.4167,196,197,213,255,108.6735,129.4416,-20.7682,29,25,60,80,0.2661,0.7059,131.5833,237,235,239,227,100.8439,96.5957,4.2481,34,34,93,89,0.2764,0.7323,-25.0163,-0.0103,-0.0264,224.428241990155,19.6054628224583,21.7695900363259,18.5016286644951,17.0977917981073,18.0717488789238,20.627802690583,17.9597197898424,17.2242152466368,17.6056338028169,17.3972602739726,19.6138996138996,18.953488372093
"140",544,"Udoka, Ime","SAS",104.4167,188,183,201,190,106.9149,103.8251,3.0898,29,29,71,65,0.3085,0.71,135.5833,245,249,251,292,102.449,117.2691,-14.8201,34,30,82,104,0.2464,0.7321,17.9099,0.0621,-0.0221,224.023609315431,19.0591805766313,18.7337830825117,18.5016286644951,18.2334384858044,19.5515695067265,18.609865470852,18.4325744308231,19.847533632287,17.6056338028169,16.4109589041096,18.3397683397683,20.6976744186046
"113",330,"Bonner, Matt","SAS",99.6167,182,182,193,219,106.044,120.3297,-14.2857,25,20,61,74,0.2525,0.7531,140.3833,251,250,259,263,103.1873,105.2,-2.0127,38,39,92,95,0.2857,0.7023,-12.273,-0.0332,0.0508,223.641370427893,18.6949924127466,20.0882200311365,17.328990228013,15.6782334384858,18.2062780269058,19.8206278026906,18.7478108581436,18.6771300448431,18.6197183098592,18.6301369863014,19.4980694980695,19.6511627906977
"110",321,"Daniels, Antonio","NOH",64.25,115,120,107,129,93.0435,107.5,-14.4565,18,17,44,44,0.2903,0.7213,175.75,334,331,314,413,94.012,124.7734,-30.7614,42,50,105,126,0.25,0.6774,16.3049,0.0403,0.0439,223.354118458154,14.7799696509863,15.8847950181629,15.2768729641694,14.8264984227129,15.9192825112108,15.7847533632287,20.915061295972,24.7309417040359,19.6338028169014,21.3424657534247,21.003861003861,23.2558139534884
"155",594,"Armstrong, Hilton","NOH",52.95,103,101,90,121,87.3786,119.802,-32.4233,13,10,32,37,0.26,0.7619,187.05,346,350,331,421,95.6647,120.2857,-24.621,47,57,117,133,0.2611,0.6724,-7.8023,-0.0011,0.0895,222.387642542846,14.0060698027314,15.511157239232,13.8110749185668,12.8391167192429,14.304932735426,14.8430493273543,21.584938704028,25.0538116591928,20.9014084507042,23.0684931506849,22.3938223938224,24.0697674418605
"2",2,"Thomas, Kurt","SAS",79.7833,145,144,128,166,88.2759,115.2778,-27.0019,19,19,53,63,0.2317,0.7361,160.2167,288,288,324,316,112.5,109.7222,2.7778,44,40,100,106,0.2933,0.7143,-29.7797,-0.0616,0.0218,222.281790394611,15.7359635811836,17.6128697457187,15.5700325732899,15.3943217665615,17.1300448430493,18.3408071748879,21.3091068301226,20.8161434977578,20.1408450704225,18.8767123287671,20.4247104247104,20.9302325581395
"199",793,"Hill, George","SAS",76.1833,130,132,133,135,102.3077,102.2727,0.035,19,26,50,53,0.2639,0.6579,163.8167,303,300,319,347,105.2805,115.6667,-10.3861,44,33,103,116,0.275,0.7574,10.4211,-0.0111,-0.0995,222.138416340447,15.9635811836115,16.1650233523612,15.5700325732899,17.3817034700315,16.7264573991031,16.9955156950673,21.1120840630473,22.067264573991,20.1408450704225,17.1506849315069,20.7722007722008,22.093023255814
"187",711,"Wright, Julian","NOH",32.2333,62,63,48,75,77.4194,119.0476,-41.6283,9,7,22,27,0.25,0.7586,207.7667,387,388,373,467,96.3824,120.3608,-23.9784,51,60,127,143,0.2629,0.6791,-17.6499,-0.0129,0.0795,221.198676917702,12.0940819423369,13.3627400103788,12.6384364820847,11.98738170347,12.9596412556054,13.4977578475336,23.2399299474606,26.9103139013453,21.9154929577465,23.8082191780822,23.5521235521236,25.2325581395349
"88",257,"Gooden, Drew","SAS",70.7333,126,127,120,122,95.2381,96.063,-0.8249,15,8,52,53,0.2206,0.8667,169.2667,307,305,332,360,108.1433,118.0328,-9.8895,48,51,101,116,0.2927,0.6645,9.0646,-0.0721,0.2022,221.183162259508,15.3717754172989,15.5578619615983,14.3973941368078,12.2712933753943,16.9955156950673,16.9955156950673,21.6243432574431,22.5919282511211,21.1549295774648,21.5890410958904,20.5405405405405,22.093023255814
"55",140,"Brown, Devin","NOH",32.6,62,63,49,75,79.0323,119.0476,-40.0154,5,6,21,23,0.1786,0.7778,207.4,387,388,372,467,96.124,120.3608,-24.2368,55,61,128,147,0.2723,0.6772,-15.7786,-0.0937,0.1006,220.917206280864,12.1396054628225,13.3627400103788,11.4657980456026,11.7034700315457,12.8251121076233,12.9596412556054,23.2005253940455,26.9103139013453,22.9295774647887,24.0547945205479,23.6679536679537,25.6976744186047
"111",326,"Peterson, Morris","NOH",20.7167,39,41,28,51,71.7949,124.3902,-52.5954,3,5,12,17,0.15,0.7059,219.2833,410,410,393,491,95.8537,119.7561,-23.9024,57,62,137,153,0.2714,0.6884,-28.693,-0.1214,0.0175,220.241999448227,11.1836115326252,12.2418266735859,10.8794788273616,11.4195583596215,11.6143497757848,12.152466367713,24.0280210157618,27.8789237668161,23.4366197183099,24.3013698630137,24.7104247104247,26.3953488372093
"108",311,"Bowen, Ryan","NOH",1.6333,3,4,4,3,133.3333,75,58.3333,1,3,0,2,0.3333,0,238.3667,446,447,417,539,93.4978,120.5817,-27.0839,59,64,149,168,0.2599,0.6995,85.4172,0.0734,-0.6995,219.138448113211,10.0910470409712,10,10.2931596091205,10.8517350157729,10,10.1345291479821,24.9737302977233,29.8161434977578,23.943661971831,24.7945205479452,26.1003861003861,28.1395348837209
"17",37,"Oberto, Fabricio","SAS",21.5833,35,35,37,30,105.7143,85.7143,20,4,6,14,15,0.2105,0.7,218.4167,398,397,415,452,104.2714,113.8539,-9.5825,59,53,139,154,0.277,0.724,29.5825,-0.0665,-0.024,218.176695860447,11.5933232169954,11.2610275038921,11.1726384364821,11.7034700315457,11.8834080717489,11.8834080717489,24.8949211908932,26.304932735426,23.943661971831,22.0821917808219,24.9420849420849,26.5116279069767
"81",231,"Vaughn, Jacque","SAS",21.25,35,36,40,29,114.2857,80.5556,33.7302,6,2,17,14,0.3,0.8947,218.75,398,396,412,453,103.5176,114.3939,-10.8764,57,57,136,155,0.2689,0.7047,44.6066,0.0311,0.19,218.156485448814,11.7298937784522,11.2143227815257,11.7589576547231,10.5678233438486,12.2869955156951,11.7488789237668,24.776707530648,26.3452914798206,23.4366197183099,23.0684931506849,24.5945945945946,26.6279069767442
"93",270,"Hamilton, Richard","DET",154.1833,266,262,234,308,87.9699,117.5573,-29.5873,37,46,91,111,0.25,0.6642,37.8167,64,64,78,66,121.875,103.125,18.75,15,10,21,21,0.4167,0.6774,-48.3373,-0.1667,-0.0132,204.68446970509,20.5614567526555,24.2449403217436,20.8469055374593,23.0599369085174,22.2421524663677,24.7982062780269,11.6155866900175,10.7264573991031,12.7887323943662,11.4794520547945,11.2741312741313,11.046511627907
"98",275,"McDyess, Antonio","DET",135.7167,236,232,215,254,91.1017,109.4828,-18.3811,31,40,88,95,0.246,0.6875,56.2833,94,94,97,120,103.1915,127.6596,-24.4681,21,16,24,37,0.3621,0.6,6.087,-0.1161,0.0875,203.415579301475,19.6965098634294,21.7228853139595,19.0879478827362,21.3564668769716,21.8385650224215,22.6457399103139,12.3642732049037,12.9058295964126,14.3098591549296,12.958904109589,11.6216216216216,12.906976744186
"95",272,"Prince, Tayshaun","DET",128.6333,219,218,199,249,90.8676,114.2202,-23.3526,34,37,76,87,0.281,0.6726,63.3667,111,108,113,125,101.8018,115.7407,-13.9389,18,19,36,45,0.2857,0.6545,-9.4137,-0.0047,0.0181,202.922463385652,18.9681335356601,21.4893617021277,19.9674267100977,20.5047318611987,20.2242152466368,21.5695067264574,12.9947460595447,13.1076233183857,13.5492957746479,13.6986301369863,13.011583011583,13.8372093023256
"180",691,"Stuckey, Rodney","DET",128.05,220,220,201,250,91.3636,113.6364,-22.2727,28,37,77,90,0.2373,0.6754,63.95,110,106,111,124,100.9091,116.9811,-16.072,24,19,35,42,0.3636,0.6481,-6.2007,-0.1263,0.0273,202.7766656704,19.0591805766313,21.536066424494,18.2084690553746,20.5047318611987,20.3587443946188,21.9730941704036,12.9159369527145,13.067264573991,15.0704225352113,13.6986301369863,12.8957528957529,13.4883720930233
"97",274,"Wallace, Rasheed","DET",121.9833,207,206,181,239,87.4396,116.0194,-28.5798,27,31,72,86,0.2389,0.699,70.0167,123,120,131,135,106.5041,112.5,-5.9959,25,25,40,46,0.3521,0.6154,-22.5839,-0.1132,0.0836,202.154328638571,18.1487101669196,21.0223144784639,17.9153094462541,18.801261829653,19.6860986547085,21.4349775784753,13.7040280210158,13.5112107623318,15.3239436619718,15.1780821917808,13.4749034749035,13.953488372093
"138",532,"Bynum, Will","DET",78.2333,133,129,140,157,105.2632,121.7054,-16.4423,28,23,41,53,0.3457,0.6406,113.7667,197,197,172,217,87.3096,110.1523,-22.8426,24,33,71,79,0.233,0.6827,6.4003,0.1127,-0.0421,199.942106063895,16.2822458270106,17.1925272444214,18.2084690553746,16.5299684542587,15.5156950672646,16.9955156950673,15.3196147110333,16.8206278026906,15.0704225352113,17.1506849315069,17.0656370656371,17.7906976744186
"179",689,"Afflalo, Arron","DET",66.25,115,111,123,121,106.9565,109.009,-2.0525,22,17,41,44,0.3333,0.7069,125.75,215,215,189,253,87.907,117.6744,-29.7674,30,39,71,88,0.2542,0.6455,27.7149,0.0791,0.0614,198.98352884187,15.5083459787557,15.511157239232,16.4495114006515,14.8264984227129,15.5156950672646,15.7847533632287,15.9894921190893,18.2735426008969,16.5915492957746,18.6301369863014,17.0656370656371,18.8372093023256
"100",280,"Maxiell, Jason","DET",63.9,111,110,115,134,103.6036,121.8182,-18.2146,24,17,30,44,0.3529,0.6383,128.1,219,216,197,240,89.9543,111.1111,-21.1568,28,39,82,88,0.2414,0.6777,2.9422,0.1115,-0.0394,198.890662429987,15.144157814871,16.1183186299948,17.0358306188925,14.8264984227129,14.0358744394619,15.7847533632287,16.3047285464098,17.7488789237668,16.0845070422535,18.6301369863014,18.3397683397683,18.8372093023256
"70",189,"Brown, Kwame","DET",48.35,80,77,77,99,96.25,128.5714,-32.3214,15,21,27,27,0.3571,0.5625,143.65,250,249,235,275,94,110.4418,-16.4418,37,35,85,105,0.2606,0.7083,-15.8796,0.0965,-0.1458,197.862283002786,13.4142640364188,14.4836533471718,14.3973941368078,15.9621451104101,13.6322869955157,13.4977578475336,17.8021015761821,19.1614349775785,18.3661971830986,17.6438356164384,18.6872586872587,20.8139534883721
"144",556,"Herrmann, Walter","DET",22.0833,40,41,47,40,117.5,97.561,19.939,8,6,10,14,0.3636,0.625,169.9167,290,285,265,334,91.3793,117.193,-25.8137,44,50,102,118,0.2716,0.6711,45.7527,0.092,-0.0461,195.911652408566,12.0485584218513,11.7280747275558,12.3452768729642,11.7034700315457,11.3452914798206,11.7488789237668,18.984238178634,21.542600896861,20.1408450704225,21.3424657534247,20.6563706563707,22.3255813953488
"134",510,"Johnson, Amir","DET",12.6167,23,24,28,19,121.7391,79.1667,42.5725,6,5,7,9,0.4,0.5833,179.3833,307,302,284,355,92.5081,117.5497,-25.0415,46,51,105,123,0.2722,0.6731,67.614,0.1278,-0.0898,195.398165715112,11.1836115326252,10.747275557862,11.7589576547231,11.4195583596215,10.9417040358744,11.0762331838565,19.7329246935201,22.390134529148,20.6478873239437,21.5890410958904,21.003861003861,22.906976744186
